id,minute,Column,Row,duration,Right_id,Right_minute,Shot Taker,possession_team,shot_body_part,shot_deflected,shot_freeze_frame,shot_key_pass_id,shot_outcome,shot_statsbomb_xg,shot_technique,shot_type,team,Location X,Location Y,Shot End Location X,Shot End Location Y,Right_Right_id,visible_area,match_id,teammate,actor,keeper,Player Location X,Player Location Y
29e307b6-8b66-41f1-ad9b-f28d7e055271,19,1,0,0.834736,29e307b6-8b66-41f1-ad9b-f28d7e055271,19,Lauren Hemp,"England Women's",Left Foot,,"[{'location': [89.3, 36.8], 'player': {'id': 50151, 'name': 'Alba María Redondo Ferrer'}, 'position': {'id': 17, 'name': 'Right Wing'}, 'teammate': False}, {'location': [96.7, 52.3], 'player': {'id': 10151, 'name': 'Jennifer Hermoso Fuentes'}, 'position",5b76e98e-9ddf-4a9c-98ab-1e387c81b144,Saved,0.08992476,Normal,Open Play,"England Women's",107.3,53.5,117.7,44,29e307b6-8b66-41f1-ad9b-f28d7e055271,"[101.222062695544, 80.0, 86.1123735487969, 17.8019643827992, 101.514891451011, 11.181942687977, 120.0, 40.8810753101217, 120.0, 80.0, 101.222062695544, 80.0]",3906390,False,False,False,90.84723930763089," 36.44761289399819"
29e307b6-8b66-41f1-ad9b-f28d7e055271,19,1,0,0.834736,29e307b6-8b66-41f1-ad9b-f28d7e055271,19,Lauren Hemp,"England Women's",Left Foot,,"[{'location': [89.3, 36.8], 'player': {'id': 50151, 'name': 'Alba María Redondo Ferrer'}, 'position': {'id': 17, 'name': 'Right Wing'}, 'teammate': False}, {'location': [96.7, 52.3], 'player': {'id': 10151, 'name': 'Jennifer Hermoso Fuentes'}, 'position",5b76e98e-9ddf-4a9c-98ab-1e387c81b144,Saved,0.08992476,Normal,Open Play,"England Women's",107.3,53.5,117.7,44,29e307b6-8b66-41f1-ad9b-f28d7e055271,"[101.222062695544, 80.0, 86.1123735487969, 17.8019643827992, 101.514891451011, 11.181942687977, 120.0, 40.8810753101217, 120.0, 80.0, 101.222062695544, 80.0]",3906390,True,False,False,96.65087561728593," 49.90462403859114"
29e307b6-8b66-41f1-ad9b-f28d7e055271,19,1,0,0.834736,29e307b6-8b66-41f1-ad9b-f28d7e055271,19,Lauren Hemp,"England Women's",Left Foot,,"[{'location': [89.3, 36.8], 'player': {'id': 50151, 'name': 'Alba María Redondo Ferrer'}, 'position': {'id': 17, 'name': 'Right Wing'}, 'teammate': False}, {'location': [96.7, 52.3], 'player': {'id': 10151, 'name': 'Jennifer Hermoso Fuentes'}, 'position",5b76e98e-9ddf-4a9c-98ab-1e387c81b144,Saved,0.08992476,Normal,Open Play,"England Women's",107.3,53.5,117.7,44,29e307b6-8b66-41f1-ad9b-f28d7e055271,"[101.222062695544, 80.0, 86.1123735487969, 17.8019643827992, 101.514891451011, 11.181942687977, 120.0, 40.8810753101217, 120.0, 80.0, 101.222062695544, 80.0]",3906390,False,False,False,97.78103846392723," 54.30290962327606"
29e307b6-8b66-41f1-ad9b-f28d7e055271,19,1,0,0.834736,29e307b6-8b66-41f1-ad9b-f28d7e055271,19,Lauren Hemp,"England Women's",Left Foot,,"[{'location': [89.3, 36.8], 'player': {'id': 50151, 'name': 'Alba María Redondo Ferrer'}, 'position': {'id': 17, 'name': 'Right Wing'}, 'teammate': False}, {'location': [96.7, 52.3], 'player': {'id': 10151, 'name': 'Jennifer Hermoso Fuentes'}, 'position",5b76e98e-9ddf-4a9c-98ab-1e387c81b144,Saved,0.08992476,Normal,Open Play,"England Women's",107.3,53.5,117.7,44,29e307b6-8b66-41f1-ad9b-f28d7e055271,"[101.222062695544, 80.0, 86.1123735487969, 17.8019643827992, 101.514891451011, 11.181942687977, 120.0, 40.8810753101217, 120.0, 80.0, 101.222062695544, 80.0]",3906390,True,False,False,103.97199777434123," 47.970938953798395"
29e307b6-8b66-41f1-ad9b-f28d7e055271,19,1,0,0.834736,29e307b6-8b66-41f1-ad9b-f28d7e055271,19,Lauren Hemp,"England Women's",Left Foot,,"[{'location': [89.3, 36.8], 'player': {'id': 50151, 'name': 'Alba María Redondo Ferrer'}, 'position': {'id': 17, 'name': 'Right Wing'}, 'teammate': False}, {'location': [96.7, 52.3], 'player': {'id': 10151, 'name': 'Jennifer Hermoso Fuentes'}, 'position",5b76e98e-9ddf-4a9c-98ab-1e387c81b144,Saved,0.08992476,Normal,Open Play,"England Women's",107.3,53.5,117.7,44,29e307b6-8b66-41f1-ad9b-f28d7e055271,"[101.222062695544, 80.0, 86.1123735487969, 17.8019643827992, 101.514891451011, 11.181942687977, 120.0, 40.8810753101217, 120.0, 80.0, 101.222062695544, 80.0]",3906390,False,False,False,104.29248815875441," 43.12643671459128"
29e307b6-8b66-41f1-ad9b-f28d7e055271,19,1,0,0.834736,29e307b6-8b66-41f1-ad9b-f28d7e055271,19,Lauren Hemp,"England Women's",Left Foot,,"[{'location': [89.3, 36.8], 'player': {'id': 50151, 'name': 'Alba María Redondo Ferrer'}, 'position': {'id': 17, 'name': 'Right Wing'}, 'teammate': False}, {'location': [96.7, 52.3], 'player': {'id': 10151, 'name': 'Jennifer Hermoso Fuentes'}, 'position",5b76e98e-9ddf-4a9c-98ab-1e387c81b144,Saved,0.08992476,Normal,Open Play,"England Women's",107.3,53.5,117.7,44,29e307b6-8b66-41f1-ad9b-f28d7e055271,"[101.222062695544, 80.0, 86.1123735487969, 17.8019643827992, 101.514891451011, 11.181942687977, 120.0, 40.8810753101217, 120.0, 80.0, 101.222062695544, 80.0]",3906390,False,False,False,105.10769290572341," 58.12893613389426"
29e307b6-8b66-41f1-ad9b-f28d7e055271,19,1,0,0.834736,29e307b6-8b66-41f1-ad9b-f28d7e055271,19,Lauren Hemp,"England Women's",Left Foot,,"[{'location': [89.3, 36.8], 'player': {'id': 50151, 'name': 'Alba María Redondo Ferrer'}, 'position': {'id': 17, 'name': 'Right Wing'}, 'teammate': False}, {'location': [96.7, 52.3], 'player': {'id': 10151, 'name': 'Jennifer Hermoso Fuentes'}, 'position",5b76e98e-9ddf-4a9c-98ab-1e387c81b144,Saved,0.08992476,Normal,Open Play,"England Women's",107.3,53.5,117.7,44,29e307b6-8b66-41f1-ad9b-f28d7e055271,"[101.222062695544, 80.0, 86.1123735487969, 17.8019643827992, 101.514891451011, 11.181942687977, 120.0, 40.8810753101217, 120.0, 80.0, 101.222062695544, 80.0]",3906390,False,False,False,105.48153651020735," 51.13606662108549"
29e307b6-8b66-41f1-ad9b-f28d7e055271,19,1,0,0.834736,29e307b6-8b66-41f1-ad9b-f28d7e055271,19,Lauren Hemp,"England Women's",Left Foot,,"[{'location': [89.3, 36.8], 'player': {'id': 50151, 'name': 'Alba María Redondo Ferrer'}, 'position': {'id': 17, 'name': 'Right Wing'}, 'teammate': False}, {'location': [96.7, 52.3], 'player': {'id': 10151, 'name': 'Jennifer Hermoso Fuentes'}, 'position",5b76e98e-9ddf-4a9c-98ab-1e387c81b144,Saved,0.08992476,Normal,Open Play,"England Women's",107.3,53.5,117.7,44,29e307b6-8b66-41f1-ad9b-f28d7e055271,"[101.222062695544, 80.0, 86.1123735487969, 17.8019643827992, 101.514891451011, 11.181942687977, 120.0, 40.8810753101217, 120.0, 80.0, 101.222062695544, 80.0]",3906390,False,False,False,107.14075997363757," 39.87228678136605"
29e307b6-8b66-41f1-ad9b-f28d7e055271,19,1,0,0.834736,29e307b6-8b66-41f1-ad9b-f28d7e055271,19,Lauren Hemp,"England Women's",Left Foot,,"[{'location': [89.3, 36.8], 'player': {'id': 50151, 'name': 'Alba María Redondo Ferrer'}, 'position': {'id': 17, 'name': 'Right Wing'}, 'teammate': False}, {'location': [96.7, 52.3], 'player': {'id': 10151, 'name': 'Jennifer Hermoso Fuentes'}, 'position",5b76e98e-9ddf-4a9c-98ab-1e387c81b144,Saved,0.08992476,Normal,Open Play,"England Women's",107.3,53.5,117.7,44,29e307b6-8b66-41f1-ad9b-f28d7e055271,"[101.222062695544, 80.0, 86.1123735487969, 17.8019643827992, 101.514891451011, 11.181942687977, 120.0, 40.8810753101217, 120.0, 80.0, 101.222062695544, 80.0]",3906390,True,True,False,107.30000305175781," 53.5"
29e307b6-8b66-41f1-ad9b-f28d7e055271,19,1,0,0.834736,29e307b6-8b66-41f1-ad9b-f28d7e055271,19,Lauren Hemp,"England Women's",Left Foot,,"[{'location': [89.3, 36.8], 'player': {'id': 50151, 'name': 'Alba María Redondo Ferrer'}, 'position': {'id': 17, 'name': 'Right Wing'}, 'teammate': False}, {'location': [96.7, 52.3], 'player': {'id': 10151, 'name': 'Jennifer Hermoso Fuentes'}, 'position",5b76e98e-9ddf-4a9c-98ab-1e387c81b144,Saved,0.08992476,Normal,Open Play,"England Women's",107.3,53.5,117.7,44,29e307b6-8b66-41f1-ad9b-f28d7e055271,"[101.222062695544, 80.0, 86.1123735487969, 17.8019643827992, 101.514891451011, 11.181942687977, 120.0, 40.8810753101217, 120.0, 80.0, 101.222062695544, 80.0]",3906390,True,False,False,108.44016833616443," 60.15546537554448"
29e307b6-8b66-41f1-ad9b-f28d7e055271,19,1,0,0.834736,29e307b6-8b66-41f1-ad9b-f28d7e055271,19,Lauren Hemp,"England Women's",Left Foot,,"[{'location': [89.3, 36.8], 'player': {'id': 50151, 'name': 'Alba María Redondo Ferrer'}, 'position': {'id': 17, 'name': 'Right Wing'}, 'teammate': False}, {'location': [96.7, 52.3], 'player': {'id': 10151, 'name': 'Jennifer Hermoso Fuentes'}, 'position",5b76e98e-9ddf-4a9c-98ab-1e387c81b144,Saved,0.08992476,Normal,Open Play,"England Women's",107.3,53.5,117.7,44,29e307b6-8b66-41f1-ad9b-f28d7e055271,"[101.222062695544, 80.0, 86.1123735487969, 17.8019643827992, 101.514891451011, 11.181942687977, 120.0, 40.8810753101217, 120.0, 80.0, 101.222062695544, 80.0]",3906390,False,False,False,108.75415348420258," 49.33199198580732"
29e307b6-8b66-41f1-ad9b-f28d7e055271,19,1,0,0.834736,29e307b6-8b66-41f1-ad9b-f28d7e055271,19,Lauren Hemp,"England Women's",Left Foot,,"[{'location': [89.3, 36.8], 'player': {'id': 50151, 'name': 'Alba María Redondo Ferrer'}, 'position': {'id': 17, 'name': 'Right Wing'}, 'teammate': False}, {'location': [96.7, 52.3], 'player': {'id': 10151, 'name': 'Jennifer Hermoso Fuentes'}, 'position",5b76e98e-9ddf-4a9c-98ab-1e387c81b144,Saved,0.08992476,Normal,Open Play,"England Women's",107.3,53.5,117.7,44,29e307b6-8b66-41f1-ad9b-f28d7e055271,"[101.222062695544, 80.0, 86.1123735487969, 17.8019643827992, 101.514891451011, 11.181942687977, 120.0, 40.8810753101217, 120.0, 80.0, 101.222062695544, 80.0]",3906390,True,False,False,109.29014622057967," 32.87931093121474"
29e307b6-8b66-41f1-ad9b-f28d7e055271,19,1,0,0.834736,29e307b6-8b66-41f1-ad9b-f28d7e055271,19,Lauren Hemp,"England Women's",Left Foot,,"[{'location': [89.3, 36.8], 'player': {'id': 50151, 'name': 'Alba María Redondo Ferrer'}, 'position': {'id': 17, 'name': 'Right Wing'}, 'teammate': False}, {'location': [96.7, 52.3], 'player': {'id': 10151, 'name': 'Jennifer Hermoso Fuentes'}, 'position",5b76e98e-9ddf-4a9c-98ab-1e387c81b144,Saved,0.08992476,Normal,Open Play,"England Women's",107.3,53.5,117.7,44,29e307b6-8b66-41f1-ad9b-f28d7e055271,"[101.222062695544, 80.0, 86.1123735487969, 17.8019643827992, 101.514891451011, 11.181942687977, 120.0, 40.8810753101217, 120.0, 80.0, 101.222062695544, 80.0]",3906390,False,False,True,117.8577830045508," 43.05130722656328"
42a6f141-e4a6-4425-b81a-d79729b5cf6b,91,3,0,0.045529,42a6f141-e4a6-4425-b81a-d79729b5cf6b,91,Ona Batlle Pascual,"Spain Women's",Right Foot,True,"[{'location': [102.8, 47.6], 'player': {'id': 222682, 'name': 'Salma Paralluelo Ayingono'}, 'position': {'id': 21, 'name': 'Left Wing'}, 'teammate': True}, {'location': [103.2, 39.9], 'player': {'id': 10143, 'name': 'Alexia Putellas Segura'}, 'position':",63d5f305-4976-42e6-86ad-d68e0fc71945,Saved,0.03439299,Normal,Open Play,"Spain Women's",108.8,54.2,116.8,45.6,42a6f141-e4a6-4425-b81a-d79729b5cf6b,"[108.85052946346, 80.0, 88.780360505194, 17.9005727410891, 102.269115292055, 11.3953452549993, 120.0, 38.1739003744989, 120.0, 80.0, 108.85052946346, 80.0]",3906390,True,False,False,100.8800751457047," 47.790722697728974"
42a6f141-e4a6-4425-b81a-d79729b5cf6b,91,3,0,0.045529,42a6f141-e4a6-4425-b81a-d79729b5cf6b,91,Ona Batlle Pascual,"Spain Women's",Right Foot,True,"[{'location': [102.8, 47.6], 'player': {'id': 222682, 'name': 'Salma Paralluelo Ayingono'}, 'position': {'id': 21, 'name': 'Left Wing'}, 'teammate': True}, {'location': [103.2, 39.9], 'player': {'id': 10143, 'name': 'Alexia Putellas Segura'}, 'position':",63d5f305-4976-42e6-86ad-d68e0fc71945,Saved,0.03439299,Normal,Open Play,"Spain Women's",108.8,54.2,116.8,45.6,42a6f141-e4a6-4425-b81a-d79729b5cf6b,"[108.85052946346, 80.0, 88.780360505194, 17.9005727410891, 102.269115292055, 11.3953452549993, 120.0, 38.1739003744989, 120.0, 80.0, 108.85052946346, 80.0]",3906390,True,False,False,102.29323256169364," 40.241347256568616"
42a6f141-e4a6-4425-b81a-d79729b5cf6b,91,3,0,0.045529,42a6f141-e4a6-4425-b81a-d79729b5cf6b,91,Ona Batlle Pascual,"Spain Women's",Right Foot,True,"[{'location': [102.8, 47.6], 'player': {'id': 222682, 'name': 'Salma Paralluelo Ayingono'}, 'position': {'id': 21, 'name': 'Left Wing'}, 'teammate': True}, {'location': [103.2, 39.9], 'player': {'id': 10143, 'name': 'Alexia Putellas Segura'}, 'position':",63d5f305-4976-42e6-86ad-d68e0fc71945,Saved,0.03439299,Normal,Open Play,"Spain Women's",108.8,54.2,116.8,45.6,42a6f141-e4a6-4425-b81a-d79729b5cf6b,"[108.85052946346, 80.0, 88.780360505194, 17.9005727410891, 102.269115292055, 11.3953452549993, 120.0, 38.1739003744989, 120.0, 80.0, 108.85052946346, 80.0]",3906390,False,False,False,104.5828274974143," 56.36430530266941"
42a6f141-e4a6-4425-b81a-d79729b5cf6b,91,3,0,0.045529,42a6f141-e4a6-4425-b81a-d79729b5cf6b,91,Ona Batlle Pascual,"Spain Women's",Right Foot,True,"[{'location': [102.8, 47.6], 'player': {'id': 222682, 'name': 'Salma Paralluelo Ayingono'}, 'position': {'id': 21, 'name': 'Left Wing'}, 'teammate': True}, {'location': [103.2, 39.9], 'player': {'id': 10143, 'name': 'Alexia Putellas Segura'}, 'position':",63d5f305-4976-42e6-86ad-d68e0fc71945,Saved,0.03439299,Normal,Open Play,"Spain Women's",108.8,54.2,116.8,45.6,42a6f141-e4a6-4425-b81a-d79729b5cf6b,"[108.85052946346, 80.0, 88.780360505194, 17.9005727410891, 102.269115292055, 11.3953452549993, 120.0, 38.1739003744989, 120.0, 80.0, 108.85052946346, 80.0]",3906390,True,False,False,105.47462730091249," 37.35746567296444"
42a6f141-e4a6-4425-b81a-d79729b5cf6b,91,3,0,0.045529,42a6f141-e4a6-4425-b81a-d79729b5cf6b,91,Ona Batlle Pascual,"Spain Women's",Right Foot,True,"[{'location': [102.8, 47.6], 'player': {'id': 222682, 'name': 'Salma Paralluelo Ayingono'}, 'position': {'id': 21, 'name': 'Left Wing'}, 'teammate': True}, {'location': [103.2, 39.9], 'player': {'id': 10143, 'name': 'Alexia Putellas Segura'}, 'position':",63d5f305-4976-42e6-86ad-d68e0fc71945,Saved,0.03439299,Normal,Open Play,"Spain Women's",108.8,54.2,116.8,45.6,42a6f141-e4a6-4425-b81a-d79729b5cf6b,"[108.85052946346, 80.0, 88.780360505194, 17.9005727410891, 102.269115292055, 11.3953452549993, 120.0, 38.1739003744989, 120.0, 80.0, 108.85052946346, 80.0]",3906390,False,False,False,107.42694127319294," 40.94911598778758"
42a6f141-e4a6-4425-b81a-d79729b5cf6b,91,3,0,0.045529,42a6f141-e4a6-4425-b81a-d79729b5cf6b,91,Ona Batlle Pascual,"Spain Women's",Right Foot,True,"[{'location': [102.8, 47.6], 'player': {'id': 222682, 'name': 'Salma Paralluelo Ayingono'}, 'position': {'id': 21, 'name': 'Left Wing'}, 'teammate': True}, {'location': [103.2, 39.9], 'player': {'id': 10143, 'name': 'Alexia Putellas Segura'}, 'position':",63d5f305-4976-42e6-86ad-d68e0fc71945,Saved,0.03439299,Normal,Open Play,"Spain Women's",108.8,54.2,116.8,45.6,42a6f141-e4a6-4425-b81a-d79729b5cf6b,"[108.85052946346, 80.0, 88.780360505194, 17.9005727410891, 102.269115292055, 11.3953452549993, 120.0, 38.1739003744989, 120.0, 80.0, 108.85052946346, 80.0]",3906390,True,True,False,108.80000305175781," 54.20000076293945"
42a6f141-e4a6-4425-b81a-d79729b5cf6b,91,3,0,0.045529,42a6f141-e4a6-4425-b81a-d79729b5cf6b,91,Ona Batlle Pascual,"Spain Women's",Right Foot,True,"[{'location': [102.8, 47.6], 'player': {'id': 222682, 'name': 'Salma Paralluelo Ayingono'}, 'position': {'id': 21, 'name': 'Left Wing'}, 'teammate': True}, {'location': [103.2, 39.9], 'player': {'id': 10143, 'name': 'Alexia Putellas Segura'}, 'position':",63d5f305-4976-42e6-86ad-d68e0fc71945,Saved,0.03439299,Normal,Open Play,"Spain Women's",108.8,54.2,116.8,45.6,42a6f141-e4a6-4425-b81a-d79729b5cf6b,"[108.85052946346, 80.0, 88.780360505194, 17.9005727410891, 102.269115292055, 11.3953452549993, 120.0, 38.1739003744989, 120.0, 80.0, 108.85052946346, 80.0]",3906390,False,False,False,108.9011365681987," 53.066035606228226"
42a6f141-e4a6-4425-b81a-d79729b5cf6b,91,3,0,0.045529,42a6f141-e4a6-4425-b81a-d79729b5cf6b,91,Ona Batlle Pascual,"Spain Women's",Right Foot,True,"[{'location': [102.8, 47.6], 'player': {'id': 222682, 'name': 'Salma Paralluelo Ayingono'}, 'position': {'id': 21, 'name': 'Left Wing'}, 'teammate': True}, {'location': [103.2, 39.9], 'player': {'id': 10143, 'name': 'Alexia Putellas Segura'}, 'position':",63d5f305-4976-42e6-86ad-d68e0fc71945,Saved,0.03439299,Normal,Open Play,"Spain Women's",108.8,54.2,116.8,45.6,42a6f141-e4a6-4425-b81a-d79729b5cf6b,"[108.85052946346, 80.0, 88.780360505194, 17.9005727410891, 102.269115292055, 11.3953452549993, 120.0, 38.1739003744989, 120.0, 80.0, 108.85052946346, 80.0]",3906390,False,False,True,115.73361249473844," 45.19412937681081"
4d11233b-219f-4526-977f-2247792f6ff7,15,0,1,0.910768,4d11233b-219f-4526-977f-2247792f6ff7,15,Lauren Hemp,"England Women's",Left Foot,,"[{'location': [100.1, 38.6], 'player': {'id': 10151, 'name': 'Jennifer Hermoso Fuentes'}, 'position': {'id': 19, 'name': 'Center Attacking Midfield'}, 'teammate': False}, {'location': [101.1, 42.1], 'player': {'id': 50151, 'name': 'Alba María Redondo Fe",2e7ab182-20f3-4e2f-98a6-4d2bba6d6383,Post,0.11897644,Normal,Open Play,"England Women's",104,35.4,120,37.5,4d11233b-219f-4526-977f-2247792f6ff7,"[112.035741283177, 80.0, 90.2428910435435, 16.0166462037402, 103.84937277722, 9.27239065106478, 120.0, 32.3933986340704, 120.0, 80.0, 112.035741283177, 80.0]",3906390,False,False,False,99.75032356316443," 40.38676787312269"
4d11233b-219f-4526-977f-2247792f6ff7,15,0,1,0.910768,4d11233b-219f-4526-977f-2247792f6ff7,15,Lauren Hemp,"England Women's",Left Foot,,"[{'location': [100.1, 38.6], 'player': {'id': 10151, 'name': 'Jennifer Hermoso Fuentes'}, 'position': {'id': 19, 'name': 'Center Attacking Midfield'}, 'teammate': False}, {'location': [101.1, 42.1], 'player': {'id': 50151, 'name': 'Alba María Redondo Fe",2e7ab182-20f3-4e2f-98a6-4d2bba6d6383,Post,0.11897644,Normal,Open Play,"England Women's",104,35.4,120,37.5,4d11233b-219f-4526-977f-2247792f6ff7,"[112.035741283177, 80.0, 90.2428910435435, 16.0166462037402, 103.84937277722, 9.27239065106478, 120.0, 32.3933986340704, 120.0, 80.0, 112.035741283177, 80.0]",3906390,False,False,False,101.35066155959534," 43.57077740148026"
4d11233b-219f-4526-977f-2247792f6ff7,15,0,1,0.910768,4d11233b-219f-4526-977f-2247792f6ff7,15,Lauren Hemp,"England Women's",Left Foot,,"[{'location': [100.1, 38.6], 'player': {'id': 10151, 'name': 'Jennifer Hermoso Fuentes'}, 'position': {'id': 19, 'name': 'Center Attacking Midfield'}, 'teammate': False}, {'location': [101.1, 42.1], 'player': {'id': 50151, 'name': 'Alba María Redondo Fe",2e7ab182-20f3-4e2f-98a6-4d2bba6d6383,Post,0.11897644,Normal,Open Play,"England Women's",104,35.4,120,37.5,4d11233b-219f-4526-977f-2247792f6ff7,"[112.035741283177, 80.0, 90.2428910435435, 16.0166462037402, 103.84937277722, 9.27239065106478, 120.0, 32.3933986340704, 120.0, 80.0, 112.035741283177, 80.0]",3906390,True,True,False,104.0," 35.400001525878906"
4d11233b-219f-4526-977f-2247792f6ff7,15,0,1,0.910768,4d11233b-219f-4526-977f-2247792f6ff7,15,Lauren Hemp,"England Women's",Left Foot,,"[{'location': [100.1, 38.6], 'player': {'id': 10151, 'name': 'Jennifer Hermoso Fuentes'}, 'position': {'id': 19, 'name': 'Center Attacking Midfield'}, 'teammate': False}, {'location': [101.1, 42.1], 'player': {'id': 50151, 'name': 'Alba María Redondo Fe",2e7ab182-20f3-4e2f-98a6-4d2bba6d6383,Post,0.11897644,Normal,Open Play,"England Women's",104,35.4,120,37.5,4d11233b-219f-4526-977f-2247792f6ff7,"[112.035741283177, 80.0, 90.2428910435435, 16.0166462037402, 103.84937277722, 9.27239065106478, 120.0, 32.3933986340704, 120.0, 80.0, 112.035741283177, 80.0]",3906390,False,False,False,104.73200770958796," 36.344904088965414"
4d11233b-219f-4526-977f-2247792f6ff7,15,0,1,0.910768,4d11233b-219f-4526-977f-2247792f6ff7,15,Lauren Hemp,"England Women's",Left Foot,,"[{'location': [100.1, 38.6], 'player': {'id': 10151, 'name': 'Jennifer Hermoso Fuentes'}, 'position': {'id': 19, 'name': 'Center Attacking Midfield'}, 'teammate': False}, {'location': [101.1, 42.1], 'player': {'id': 50151, 'name': 'Alba María Redondo Fe",2e7ab182-20f3-4e2f-98a6-4d2bba6d6383,Post,0.11897644,Normal,Open Play,"England Women's",104,35.4,120,37.5,4d11233b-219f-4526-977f-2247792f6ff7,"[112.035741283177, 80.0, 90.2428910435435, 16.0166462037402, 103.84937277722, 9.27239065106478, 120.0, 32.3933986340704, 120.0, 80.0, 112.035741283177, 80.0]",3906390,True,False,False,106.51941978191748," 54.28818377824116"
4d11233b-219f-4526-977f-2247792f6ff7,15,0,1,0.910768,4d11233b-219f-4526-977f-2247792f6ff7,15,Lauren Hemp,"England Women's",Left Foot,,"[{'location': [100.1, 38.6], 'player': {'id': 10151, 'name': 'Jennifer Hermoso Fuentes'}, 'position': {'id': 19, 'name': 'Center Attacking Midfield'}, 'teammate': False}, {'location': [101.1, 42.1], 'player': {'id': 50151, 'name': 'Alba María Redondo Fe",2e7ab182-20f3-4e2f-98a6-4d2bba6d6383,Post,0.11897644,Normal,Open Play,"England Women's",104,35.4,120,37.5,4d11233b-219f-4526-977f-2247792f6ff7,"[112.035741283177, 80.0, 90.2428910435435, 16.0166462037402, 103.84937277722, 9.27239065106478, 120.0, 32.3933986340704, 120.0, 80.0, 112.035741283177, 80.0]",3906390,True,False,False,106.76756669071908," 45.00662909599683"
4d11233b-219f-4526-977f-2247792f6ff7,15,0,1,0.910768,4d11233b-219f-4526-977f-2247792f6ff7,15,Lauren Hemp,"England Women's",Left Foot,,"[{'location': [100.1, 38.6], 'player': {'id': 10151, 'name': 'Jennifer Hermoso Fuentes'}, 'position': {'id': 19, 'name': 'Center Attacking Midfield'}, 'teammate': False}, {'location': [101.1, 42.1], 'player': {'id': 50151, 'name': 'Alba María Redondo Fe",2e7ab182-20f3-4e2f-98a6-4d2bba6d6383,Post,0.11897644,Normal,Open Play,"England Women's",104,35.4,120,37.5,4d11233b-219f-4526-977f-2247792f6ff7,"[112.035741283177, 80.0, 90.2428910435435, 16.0166462037402, 103.84937277722, 9.27239065106478, 120.0, 32.3933986340704, 120.0, 80.0, 112.035741283177, 80.0]",3906390,True,False,False,107.11826870796386," 29.52512036104865"
4d11233b-219f-4526-977f-2247792f6ff7,15,0,1,0.910768,4d11233b-219f-4526-977f-2247792f6ff7,15,Lauren Hemp,"England Women's",Left Foot,,"[{'location': [100.1, 38.6], 'player': {'id': 10151, 'name': 'Jennifer Hermoso Fuentes'}, 'position': {'id': 19, 'name': 'Center Attacking Midfield'}, 'teammate': False}, {'location': [101.1, 42.1], 'player': {'id': 50151, 'name': 'Alba María Redondo Fe",2e7ab182-20f3-4e2f-98a6-4d2bba6d6383,Post,0.11897644,Normal,Open Play,"England Women's",104,35.4,120,37.5,4d11233b-219f-4526-977f-2247792f6ff7,"[112.035741283177, 80.0, 90.2428910435435, 16.0166462037402, 103.84937277722, 9.27239065106478, 120.0, 32.3933986340704, 120.0, 80.0, 112.035741283177, 80.0]",3906390,False,False,False,107.38739229712301," 58.74909775316575"
4d11233b-219f-4526-977f-2247792f6ff7,15,0,1,0.910768,4d11233b-219f-4526-977f-2247792f6ff7,15,Lauren Hemp,"England Women's",Left Foot,,"[{'location': [100.1, 38.6], 'player': {'id': 10151, 'name': 'Jennifer Hermoso Fuentes'}, 'position': {'id': 19, 'name': 'Center Attacking Midfield'}, 'teammate': False}, {'location': [101.1, 42.1], 'player': {'id': 50151, 'name': 'Alba María Redondo Fe",2e7ab182-20f3-4e2f-98a6-4d2bba6d6383,Post,0.11897644,Normal,Open Play,"England Women's",104,35.4,120,37.5,4d11233b-219f-4526-977f-2247792f6ff7,"[112.035741283177, 80.0, 90.2428910435435, 16.0166462037402, 103.84937277722, 9.27239065106478, 120.0, 32.3933986340704, 120.0, 80.0, 112.035741283177, 80.0]",3906390,False,False,False,107.83648978114705," 31.740099644683752"
4d11233b-219f-4526-977f-2247792f6ff7,15,0,1,0.910768,4d11233b-219f-4526-977f-2247792f6ff7,15,Lauren Hemp,"England Women's",Left Foot,,"[{'location': [100.1, 38.6], 'player': {'id': 10151, 'name': 'Jennifer Hermoso Fuentes'}, 'position': {'id': 19, 'name': 'Center Attacking Midfield'}, 'teammate': False}, {'location': [101.1, 42.1], 'player': {'id': 50151, 'name': 'Alba María Redondo Fe",2e7ab182-20f3-4e2f-98a6-4d2bba6d6383,Post,0.11897644,Normal,Open Play,"England Women's",104,35.4,120,37.5,4d11233b-219f-4526-977f-2247792f6ff7,"[112.035741283177, 80.0, 90.2428910435435, 16.0166462037402, 103.84937277722, 9.27239065106478, 120.0, 32.3933986340704, 120.0, 80.0, 112.035741283177, 80.0]",3906390,True,False,False,108.91473037546261," 39.9960757080091"
4d11233b-219f-4526-977f-2247792f6ff7,15,0,1,0.910768,4d11233b-219f-4526-977f-2247792f6ff7,15,Lauren Hemp,"England Women's",Left Foot,,"[{'location': [100.1, 38.6], 'player': {'id': 10151, 'name': 'Jennifer Hermoso Fuentes'}, 'position': {'id': 19, 'name': 'Center Attacking Midfield'}, 'teammate': False}, {'location': [101.1, 42.1], 'player': {'id': 50151, 'name': 'Alba María Redondo Fe",2e7ab182-20f3-4e2f-98a6-4d2bba6d6383,Post,0.11897644,Normal,Open Play,"England Women's",104,35.4,120,37.5,4d11233b-219f-4526-977f-2247792f6ff7,"[112.035741283177, 80.0, 90.2428910435435, 16.0166462037402, 103.84937277722, 9.27239065106478, 120.0, 32.3933986340704, 120.0, 80.0, 112.035741283177, 80.0]",3906390,False,False,False,110.26898797305367," 41.49583601196736"
4d11233b-219f-4526-977f-2247792f6ff7,15,0,1,0.910768,4d11233b-219f-4526-977f-2247792f6ff7,15,Lauren Hemp,"England Women's",Left Foot,,"[{'location': [100.1, 38.6], 'player': {'id': 10151, 'name': 'Jennifer Hermoso Fuentes'}, 'position': {'id': 19, 'name': 'Center Attacking Midfield'}, 'teammate': False}, {'location': [101.1, 42.1], 'player': {'id': 50151, 'name': 'Alba María Redondo Fe",2e7ab182-20f3-4e2f-98a6-4d2bba6d6383,Post,0.11897644,Normal,Open Play,"England Women's",104,35.4,120,37.5,4d11233b-219f-4526-977f-2247792f6ff7,"[112.035741283177, 80.0, 90.2428910435435, 16.0166462037402, 103.84937277722, 9.27239065106478, 120.0, 32.3933986340704, 120.0, 80.0, 112.035741283177, 80.0]",3906390,False,False,False,112.096907297528," 36.7332824559773"
4d11233b-219f-4526-977f-2247792f6ff7,15,0,1,0.910768,4d11233b-219f-4526-977f-2247792f6ff7,15,Lauren Hemp,"England Women's",Left Foot,,"[{'location': [100.1, 38.6], 'player': {'id': 10151, 'name': 'Jennifer Hermoso Fuentes'}, 'position': {'id': 19, 'name': 'Center Attacking Midfield'}, 'teammate': False}, {'location': [101.1, 42.1], 'player': {'id': 50151, 'name': 'Alba María Redondo Fe",2e7ab182-20f3-4e2f-98a6-4d2bba6d6383,Post,0.11897644,Normal,Open Play,"England Women's",104,35.4,120,37.5,4d11233b-219f-4526-977f-2247792f6ff7,"[112.035741283177, 80.0, 90.2428910435435, 16.0166462037402, 103.84937277722, 9.27239065106478, 120.0, 32.3933986340704, 120.0, 80.0, 112.035741283177, 80.0]",3906390,False,False,True,117.93799050504329," 37.82770877304267"
51072651-8ceb-4af3-b096-b3af9ba5b44d,16,0,2,0.432391,51072651-8ceb-4af3-b096-b3af9ba5b44d,16,Alba María Redondo Ferrer,"Spain Women's",Right Foot,,"[{'location': [119.3, 38.7], 'player': {'id': 31538, 'name': 'Mary Alexandra Earps'}, 'position': {'id': 1, 'name': 'Goalkeeper'}, 'teammate': False}, {'location': [114.9, 44.4], 'player': {'id': 5058, 'name': 'Rachel Daly'}, 'position': {'id': 8, 'name'",,Saved,0.4635085,Half Volley,Open Play,"Spain Women's",115.3,46.7,119.1,39.7,51072651-8ceb-4af3-b096-b3af9ba5b44d,"[107.489079769511, 67.773911056317, 91.7319251394335, 59.9310312098906, 112.827407317789, 0.0, 120.0, 0.0, 120.0, 50.2886705588395, 107.489079769511, 67.773911056317]",3906390,True,False,False,96.60959110482693," 47.30209955643137"
51072651-8ceb-4af3-b096-b3af9ba5b44d,16,0,2,0.432391,51072651-8ceb-4af3-b096-b3af9ba5b44d,16,Alba María Redondo Ferrer,"Spain Women's",Right Foot,,"[{'location': [119.3, 38.7], 'player': {'id': 31538, 'name': 'Mary Alexandra Earps'}, 'position': {'id': 1, 'name': 'Goalkeeper'}, 'teammate': False}, {'location': [114.9, 44.4], 'player': {'id': 5058, 'name': 'Rachel Daly'}, 'position': {'id': 8, 'name'",,Saved,0.4635085,Half Volley,Open Play,"Spain Women's",115.3,46.7,119.1,39.7,51072651-8ceb-4af3-b096-b3af9ba5b44d,"[107.489079769511, 67.773911056317, 91.7319251394335, 59.9310312098906, 112.827407317789, 0.0, 120.0, 0.0, 120.0, 50.2886705588395, 107.489079769511, 67.773911056317]",3906390,True,False,False,103.16487176031168," 29.470163929928695"
51072651-8ceb-4af3-b096-b3af9ba5b44d,16,0,2,0.432391,51072651-8ceb-4af3-b096-b3af9ba5b44d,16,Alba María Redondo Ferrer,"Spain Women's",Right Foot,,"[{'location': [119.3, 38.7], 'player': {'id': 31538, 'name': 'Mary Alexandra Earps'}, 'position': {'id': 1, 'name': 'Goalkeeper'}, 'teammate': False}, {'location': [114.9, 44.4], 'player': {'id': 5058, 'name': 'Rachel Daly'}, 'position': {'id': 8, 'name'",,Saved,0.4635085,Half Volley,Open Play,"Spain Women's",115.3,46.7,119.1,39.7,51072651-8ceb-4af3-b096-b3af9ba5b44d,"[107.489079769511, 67.773911056317, 91.7319251394335, 59.9310312098906, 112.827407317789, 0.0, 120.0, 0.0, 120.0, 50.2886705588395, 107.489079769511, 67.773911056317]",3906390,False,False,False,103.68124659273593," 38.75542191096344"
51072651-8ceb-4af3-b096-b3af9ba5b44d,16,0,2,0.432391,51072651-8ceb-4af3-b096-b3af9ba5b44d,16,Alba María Redondo Ferrer,"Spain Women's",Right Foot,,"[{'location': [119.3, 38.7], 'player': {'id': 31538, 'name': 'Mary Alexandra Earps'}, 'position': {'id': 1, 'name': 'Goalkeeper'}, 'teammate': False}, {'location': [114.9, 44.4], 'player': {'id': 5058, 'name': 'Rachel Daly'}, 'position': {'id': 8, 'name'",,Saved,0.4635085,Half Volley,Open Play,"Spain Women's",115.3,46.7,119.1,39.7,51072651-8ceb-4af3-b096-b3af9ba5b44d,"[107.489079769511, 67.773911056317, 91.7319251394335, 59.9310312098906, 112.827407317789, 0.0, 120.0, 0.0, 120.0, 50.2886705588395, 107.489079769511, 67.773911056317]",3906390,True,False,False,111.35834906489497," 12.725820529010328"
51072651-8ceb-4af3-b096-b3af9ba5b44d,16,0,2,0.432391,51072651-8ceb-4af3-b096-b3af9ba5b44d,16,Alba María Redondo Ferrer,"Spain Women's",Right Foot,,"[{'location': [119.3, 38.7], 'player': {'id': 31538, 'name': 'Mary Alexandra Earps'}, 'position': {'id': 1, 'name': 'Goalkeeper'}, 'teammate': False}, {'location': [114.9, 44.4], 'player': {'id': 5058, 'name': 'Rachel Daly'}, 'position': {'id': 8, 'name'",,Saved,0.4635085,Half Volley,Open Play,"Spain Women's",115.3,46.7,119.1,39.7,51072651-8ceb-4af3-b096-b3af9ba5b44d,"[107.489079769511, 67.773911056317, 91.7319251394335, 59.9310312098906, 112.827407317789, 0.0, 120.0, 0.0, 120.0, 50.2886705588395, 107.489079769511, 67.773911056317]",3906390,False,False,False,111.55433285317005," 18.95236149308826"
51072651-8ceb-4af3-b096-b3af9ba5b44d,16,0,2,0.432391,51072651-8ceb-4af3-b096-b3af9ba5b44d,16,Alba María Redondo Ferrer,"Spain Women's",Right Foot,,"[{'location': [119.3, 38.7], 'player': {'id': 31538, 'name': 'Mary Alexandra Earps'}, 'position': {'id': 1, 'name': 'Goalkeeper'}, 'teammate': False}, {'location': [114.9, 44.4], 'player': {'id': 5058, 'name': 'Rachel Daly'}, 'position': {'id': 8, 'name'",,Saved,0.4635085,Half Volley,Open Play,"Spain Women's",115.3,46.7,119.1,39.7,51072651-8ceb-4af3-b096-b3af9ba5b44d,"[107.489079769511, 67.773911056317, 91.7319251394335, 59.9310312098906, 112.827407317789, 0.0, 120.0, 0.0, 120.0, 50.2886705588395, 107.489079769511, 67.773911056317]",3906390,False,False,False,114.5684116616836," 32.77207874444691"
51072651-8ceb-4af3-b096-b3af9ba5b44d,16,0,2,0.432391,51072651-8ceb-4af3-b096-b3af9ba5b44d,16,Alba María Redondo Ferrer,"Spain Women's",Right Foot,,"[{'location': [119.3, 38.7], 'player': {'id': 31538, 'name': 'Mary Alexandra Earps'}, 'position': {'id': 1, 'name': 'Goalkeeper'}, 'teammate': False}, {'location': [114.9, 44.4], 'player': {'id': 5058, 'name': 'Rachel Daly'}, 'position': {'id': 8, 'name'",,Saved,0.4635085,Half Volley,Open Play,"Spain Women's",115.3,46.7,119.1,39.7,51072651-8ceb-4af3-b096-b3af9ba5b44d,"[107.489079769511, 67.773911056317, 91.7319251394335, 59.9310312098906, 112.827407317789, 0.0, 120.0, 0.0, 120.0, 50.2886705588395, 107.489079769511, 67.773911056317]",3906390,False,False,False,114.60640595530893," 36.586407866665645"
51072651-8ceb-4af3-b096-b3af9ba5b44d,16,0,2,0.432391,51072651-8ceb-4af3-b096-b3af9ba5b44d,16,Alba María Redondo Ferrer,"Spain Women's",Right Foot,,"[{'location': [119.3, 38.7], 'player': {'id': 31538, 'name': 'Mary Alexandra Earps'}, 'position': {'id': 1, 'name': 'Goalkeeper'}, 'teammate': False}, {'location': [114.9, 44.4], 'player': {'id': 5058, 'name': 'Rachel Daly'}, 'position': {'id': 8, 'name'",,Saved,0.4635085,Half Volley,Open Play,"Spain Women's",115.3,46.7,119.1,39.7,51072651-8ceb-4af3-b096-b3af9ba5b44d,"[107.489079769511, 67.773911056317, 91.7319251394335, 59.9310312098906, 112.827407317789, 0.0, 120.0, 0.0, 120.0, 50.2886705588395, 107.489079769511, 67.773911056317]",3906390,False,False,False,114.88744594119893," 40.07627748373313"
51072651-8ceb-4af3-b096-b3af9ba5b44d,16,0,2,0.432391,51072651-8ceb-4af3-b096-b3af9ba5b44d,16,Alba María Redondo Ferrer,"Spain Women's",Right Foot,,"[{'location': [119.3, 38.7], 'player': {'id': 31538, 'name': 'Mary Alexandra Earps'}, 'position': {'id': 1, 'name': 'Goalkeeper'}, 'teammate': False}, {'location': [114.9, 44.4], 'player': {'id': 5058, 'name': 'Rachel Daly'}, 'position': {'id': 8, 'name'",,Saved,0.4635085,Half Volley,Open Play,"Spain Women's",115.3,46.7,119.1,39.7,51072651-8ceb-4af3-b096-b3af9ba5b44d,"[107.489079769511, 67.773911056317, 91.7319251394335, 59.9310312098906, 112.827407317789, 0.0, 120.0, 0.0, 120.0, 50.2886705588395, 107.489079769511, 67.773911056317]",3906390,False,False,False,114.90978384375465," 44.19246824763688"
51072651-8ceb-4af3-b096-b3af9ba5b44d,16,0,2,0.432391,51072651-8ceb-4af3-b096-b3af9ba5b44d,16,Alba María Redondo Ferrer,"Spain Women's",Right Foot,,"[{'location': [119.3, 38.7], 'player': {'id': 31538, 'name': 'Mary Alexandra Earps'}, 'position': {'id': 1, 'name': 'Goalkeeper'}, 'teammate': False}, {'location': [114.9, 44.4], 'player': {'id': 5058, 'name': 'Rachel Daly'}, 'position': {'id': 8, 'name'",,Saved,0.4635085,Half Volley,Open Play,"Spain Women's",115.3,46.7,119.1,39.7,51072651-8ceb-4af3-b096-b3af9ba5b44d,"[107.489079769511, 67.773911056317, 91.7319251394335, 59.9310312098906, 112.827407317789, 0.0, 120.0, 0.0, 120.0, 50.2886705588395, 107.489079769511, 67.773911056317]",3906390,True,True,False,115.30000305175781," 46.70000076293945"
51072651-8ceb-4af3-b096-b3af9ba5b44d,16,0,2,0.432391,51072651-8ceb-4af3-b096-b3af9ba5b44d,16,Alba María Redondo Ferrer,"Spain Women's",Right Foot,,"[{'location': [119.3, 38.7], 'player': {'id': 31538, 'name': 'Mary Alexandra Earps'}, 'position': {'id': 1, 'name': 'Goalkeeper'}, 'teammate': False}, {'location': [114.9, 44.4], 'player': {'id': 5058, 'name': 'Rachel Daly'}, 'position': {'id': 8, 'name'",,Saved,0.4635085,Half Volley,Open Play,"Spain Women's",115.3,46.7,119.1,39.7,51072651-8ceb-4af3-b096-b3af9ba5b44d,"[107.489079769511, 67.773911056317, 91.7319251394335, 59.9310312098906, 112.827407317789, 0.0, 120.0, 0.0, 120.0, 50.2886705588395, 107.489079769511, 67.773911056317]",3906390,True,False,False,117.07758460167773," 34.76644004828568"
51072651-8ceb-4af3-b096-b3af9ba5b44d,16,0,2,0.432391,51072651-8ceb-4af3-b096-b3af9ba5b44d,16,Alba María Redondo Ferrer,"Spain Women's",Right Foot,,"[{'location': [119.3, 38.7], 'player': {'id': 31538, 'name': 'Mary Alexandra Earps'}, 'position': {'id': 1, 'name': 'Goalkeeper'}, 'teammate': False}, {'location': [114.9, 44.4], 'player': {'id': 5058, 'name': 'Rachel Daly'}, 'position': {'id': 8, 'name'",,Saved,0.4635085,Half Volley,Open Play,"Spain Women's",115.3,46.7,119.1,39.7,51072651-8ceb-4af3-b096-b3af9ba5b44d,"[107.489079769511, 67.773911056317, 91.7319251394335, 59.9310312098906, 112.827407317789, 0.0, 120.0, 0.0, 120.0, 50.2886705588395, 107.489079769511, 67.773911056317]",3906390,False,False,True,118.48724910971569," 38.078188842584545"
522453c2-0ef4-4b97-94f3-d033200b51ae,49,2,0,1.218355,522453c2-0ef4-4b97-94f3-d033200b51ae,49,María Francesca Caldentey Oliver,"Spain Women's",Right Foot,,"[{'location': [119.2, 40.5], 'player': {'id': 31538, 'name': 'Mary Alexandra Earps'}, 'position': {'id': 1, 'name': 'Goalkeeper'}, 'teammate': False}, {'location': [111.0, 18.0], 'player': {'id': 15284, 'name': 'Aitana Bonmati Conca'}, 'position': {'id':",fb8ca8d0-36da-4f29-a9ff-9dffabc80db7,Saved,0.046465375,Normal,Open Play,"Spain Women's",98.5,37.9,119.3,43.3,522453c2-0ef4-4b97-94f3-d033200b51ae,"[98.426816770454, 80.0, 81.0374167898727, 9.386524337259, 96.7457187927412, 2.87913072932339, 120.0, 41.8303319070092, 120.0, 80.0, 98.426816770454, 80.0]",3906390,True,False,False,88.52889124567852," 35.290428562543255"
522453c2-0ef4-4b97-94f3-d033200b51ae,49,2,0,1.218355,522453c2-0ef4-4b97-94f3-d033200b51ae,49,María Francesca Caldentey Oliver,"Spain Women's",Right Foot,,"[{'location': [119.2, 40.5], 'player': {'id': 31538, 'name': 'Mary Alexandra Earps'}, 'position': {'id': 1, 'name': 'Goalkeeper'}, 'teammate': False}, {'location': [111.0, 18.0], 'player': {'id': 15284, 'name': 'Aitana Bonmati Conca'}, 'position': {'id':",fb8ca8d0-36da-4f29-a9ff-9dffabc80db7,Saved,0.046465375,Normal,Open Play,"Spain Women's",98.5,37.9,119.3,43.3,522453c2-0ef4-4b97-94f3-d033200b51ae,"[98.426816770454, 80.0, 81.0374167898727, 9.386524337259, 96.7457187927412, 2.87913072932339, 120.0, 41.8303319070092, 120.0, 80.0, 98.426816770454, 80.0]",3906390,True,False,False,92.36397417034117," 17.77994022445835"
522453c2-0ef4-4b97-94f3-d033200b51ae,49,2,0,1.218355,522453c2-0ef4-4b97-94f3-d033200b51ae,49,María Francesca Caldentey Oliver,"Spain Women's",Right Foot,,"[{'location': [119.2, 40.5], 'player': {'id': 31538, 'name': 'Mary Alexandra Earps'}, 'position': {'id': 1, 'name': 'Goalkeeper'}, 'teammate': False}, {'location': [111.0, 18.0], 'player': {'id': 15284, 'name': 'Aitana Bonmati Conca'}, 'position': {'id':",fb8ca8d0-36da-4f29-a9ff-9dffabc80db7,Saved,0.046465375,Normal,Open Play,"Spain Women's",98.5,37.9,119.3,43.3,522453c2-0ef4-4b97-94f3-d033200b51ae,"[98.426816770454, 80.0, 81.0374167898727, 9.386524337259, 96.7457187927412, 2.87913072932339, 120.0, 41.8303319070092, 120.0, 80.0, 98.426816770454, 80.0]",3906390,True,False,False,95.16377728673139," 53.492679576278924"
522453c2-0ef4-4b97-94f3-d033200b51ae,49,2,0,1.218355,522453c2-0ef4-4b97-94f3-d033200b51ae,49,María Francesca Caldentey Oliver,"Spain Women's",Right Foot,,"[{'location': [119.2, 40.5], 'player': {'id': 31538, 'name': 'Mary Alexandra Earps'}, 'position': {'id': 1, 'name': 'Goalkeeper'}, 'teammate': False}, {'location': [111.0, 18.0], 'player': {'id': 15284, 'name': 'Aitana Bonmati Conca'}, 'position': {'id':",fb8ca8d0-36da-4f29-a9ff-9dffabc80db7,Saved,0.046465375,Normal,Open Play,"Spain Women's",98.5,37.9,119.3,43.3,522453c2-0ef4-4b97-94f3-d033200b51ae,"[98.426816770454, 80.0, 81.0374167898727, 9.386524337259, 96.7457187927412, 2.87913072932339, 120.0, 41.8303319070092, 120.0, 80.0, 98.426816770454, 80.0]",3906390,False,False,False,95.96448894014075," 17.38000059387607"
522453c2-0ef4-4b97-94f3-d033200b51ae,49,2,0,1.218355,522453c2-0ef4-4b97-94f3-d033200b51ae,49,María Francesca Caldentey Oliver,"Spain Women's",Right Foot,,"[{'location': [119.2, 40.5], 'player': {'id': 31538, 'name': 'Mary Alexandra Earps'}, 'position': {'id': 1, 'name': 'Goalkeeper'}, 'teammate': False}, {'location': [111.0, 18.0], 'player': {'id': 15284, 'name': 'Aitana Bonmati Conca'}, 'position': {'id':",fb8ca8d0-36da-4f29-a9ff-9dffabc80db7,Saved,0.046465375,Normal,Open Play,"Spain Women's",98.5,37.9,119.3,43.3,522453c2-0ef4-4b97-94f3-d033200b51ae,"[98.426816770454, 80.0, 81.0374167898727, 9.386524337259, 96.7457187927412, 2.87913072932339, 120.0, 41.8303319070092, 120.0, 80.0, 98.426816770454, 80.0]",3906390,False,False,False,97.26736642439091," 49.16492351644212"
522453c2-0ef4-4b97-94f3-d033200b51ae,49,2,0,1.218355,522453c2-0ef4-4b97-94f3-d033200b51ae,49,María Francesca Caldentey Oliver,"Spain Women's",Right Foot,,"[{'location': [119.2, 40.5], 'player': {'id': 31538, 'name': 'Mary Alexandra Earps'}, 'position': {'id': 1, 'name': 'Goalkeeper'}, 'teammate': False}, {'location': [111.0, 18.0], 'player': {'id': 15284, 'name': 'Aitana Bonmati Conca'}, 'position': {'id':",fb8ca8d0-36da-4f29-a9ff-9dffabc80db7,Saved,0.046465375,Normal,Open Play,"Spain Women's",98.5,37.9,119.3,43.3,522453c2-0ef4-4b97-94f3-d033200b51ae,"[98.426816770454, 80.0, 81.0374167898727, 9.386524337259, 96.7457187927412, 2.87913072932339, 120.0, 41.8303319070092, 120.0, 80.0, 98.426816770454, 80.0]",3906390,False,False,False,97.45151607671012," 38.95775156114536"
522453c2-0ef4-4b97-94f3-d033200b51ae,49,2,0,1.218355,522453c2-0ef4-4b97-94f3-d033200b51ae,49,María Francesca Caldentey Oliver,"Spain Women's",Right Foot,,"[{'location': [119.2, 40.5], 'player': {'id': 31538, 'name': 'Mary Alexandra Earps'}, 'position': {'id': 1, 'name': 'Goalkeeper'}, 'teammate': False}, {'location': [111.0, 18.0], 'player': {'id': 15284, 'name': 'Aitana Bonmati Conca'}, 'position': {'id':",fb8ca8d0-36da-4f29-a9ff-9dffabc80db7,Saved,0.046465375,Normal,Open Play,"Spain Women's",98.5,37.9,119.3,43.3,522453c2-0ef4-4b97-94f3-d033200b51ae,"[98.426816770454, 80.0, 81.0374167898727, 9.386524337259, 96.7457187927412, 2.87913072932339, 120.0, 41.8303319070092, 120.0, 80.0, 98.426816770454, 80.0]",3906390,False,False,False,98.04763776901923," 32.58831428225523"
522453c2-0ef4-4b97-94f3-d033200b51ae,49,2,0,1.218355,522453c2-0ef4-4b97-94f3-d033200b51ae,49,María Francesca Caldentey Oliver,"Spain Women's",Right Foot,,"[{'location': [119.2, 40.5], 'player': {'id': 31538, 'name': 'Mary Alexandra Earps'}, 'position': {'id': 1, 'name': 'Goalkeeper'}, 'teammate': False}, {'location': [111.0, 18.0], 'player': {'id': 15284, 'name': 'Aitana Bonmati Conca'}, 'position': {'id':",fb8ca8d0-36da-4f29-a9ff-9dffabc80db7,Saved,0.046465375,Normal,Open Play,"Spain Women's",98.5,37.9,119.3,43.3,522453c2-0ef4-4b97-94f3-d033200b51ae,"[98.426816770454, 80.0, 81.0374167898727, 9.386524337259, 96.7457187927412, 2.87913072932339, 120.0, 41.8303319070092, 120.0, 80.0, 98.426816770454, 80.0]",3906390,True,True,False,98.5," 37.900001525878906"
522453c2-0ef4-4b97-94f3-d033200b51ae,49,2,0,1.218355,522453c2-0ef4-4b97-94f3-d033200b51ae,49,María Francesca Caldentey Oliver,"Spain Women's",Right Foot,,"[{'location': [119.2, 40.5], 'player': {'id': 31538, 'name': 'Mary Alexandra Earps'}, 'position': {'id': 1, 'name': 'Goalkeeper'}, 'teammate': False}, {'location': [111.0, 18.0], 'player': {'id': 15284, 'name': 'Aitana Bonmati Conca'}, 'position': {'id':",fb8ca8d0-36da-4f29-a9ff-9dffabc80db7,Saved,0.046465375,Normal,Open Play,"Spain Women's",98.5,37.9,119.3,43.3,522453c2-0ef4-4b97-94f3-d033200b51ae,"[98.426816770454, 80.0, 81.0374167898727, 9.386524337259, 96.7457187927412, 2.87913072932339, 120.0, 41.8303319070092, 120.0, 80.0, 98.426816770454, 80.0]",3906390,False,False,False,102.23218884846042," 39.41548145932506"
522453c2-0ef4-4b97-94f3-d033200b51ae,49,2,0,1.218355,522453c2-0ef4-4b97-94f3-d033200b51ae,49,María Francesca Caldentey Oliver,"Spain Women's",Right Foot,,"[{'location': [119.2, 40.5], 'player': {'id': 31538, 'name': 'Mary Alexandra Earps'}, 'position': {'id': 1, 'name': 'Goalkeeper'}, 'teammate': False}, {'location': [111.0, 18.0], 'player': {'id': 15284, 'name': 'Aitana Bonmati Conca'}, 'position': {'id':",fb8ca8d0-36da-4f29-a9ff-9dffabc80db7,Saved,0.046465375,Normal,Open Play,"Spain Women's",98.5,37.9,119.3,43.3,522453c2-0ef4-4b97-94f3-d033200b51ae,"[98.426816770454, 80.0, 81.0374167898727, 9.386524337259, 96.7457187927412, 2.87913072932339, 120.0, 41.8303319070092, 120.0, 80.0, 98.426816770454, 80.0]",3906390,True,False,False,103.90667084800671," 43.95698062922684"
522453c2-0ef4-4b97-94f3-d033200b51ae,49,2,0,1.218355,522453c2-0ef4-4b97-94f3-d033200b51ae,49,María Francesca Caldentey Oliver,"Spain Women's",Right Foot,,"[{'location': [119.2, 40.5], 'player': {'id': 31538, 'name': 'Mary Alexandra Earps'}, 'position': {'id': 1, 'name': 'Goalkeeper'}, 'teammate': False}, {'location': [111.0, 18.0], 'player': {'id': 15284, 'name': 'Aitana Bonmati Conca'}, 'position': {'id':",fb8ca8d0-36da-4f29-a9ff-9dffabc80db7,Saved,0.046465375,Normal,Open Play,"Spain Women's",98.5,37.9,119.3,43.3,522453c2-0ef4-4b97-94f3-d033200b51ae,"[98.426816770454, 80.0, 81.0374167898727, 9.386524337259, 96.7457187927412, 2.87913072932339, 120.0, 41.8303319070092, 120.0, 80.0, 98.426816770454, 80.0]",3906390,False,False,False,104.10415286707095," 36.60614449706786"
522453c2-0ef4-4b97-94f3-d033200b51ae,49,2,0,1.218355,522453c2-0ef4-4b97-94f3-d033200b51ae,49,María Francesca Caldentey Oliver,"Spain Women's",Right Foot,,"[{'location': [119.2, 40.5], 'player': {'id': 31538, 'name': 'Mary Alexandra Earps'}, 'position': {'id': 1, 'name': 'Goalkeeper'}, 'teammate': False}, {'location': [111.0, 18.0], 'player': {'id': 15284, 'name': 'Aitana Bonmati Conca'}, 'position': {'id':",fb8ca8d0-36da-4f29-a9ff-9dffabc80db7,Saved,0.046465375,Normal,Open Play,"Spain Women's",98.5,37.9,119.3,43.3,522453c2-0ef4-4b97-94f3-d033200b51ae,"[98.426816770454, 80.0, 81.0374167898727, 9.386524337259, 96.7457187927412, 2.87913072932339, 120.0, 41.8303319070092, 120.0, 80.0, 98.426816770454, 80.0]",3906390,False,False,False,105.54826764327831," 26.462966080013103"
522453c2-0ef4-4b97-94f3-d033200b51ae,49,2,0,1.218355,522453c2-0ef4-4b97-94f3-d033200b51ae,49,María Francesca Caldentey Oliver,"Spain Women's",Right Foot,,"[{'location': [119.2, 40.5], 'player': {'id': 31538, 'name': 'Mary Alexandra Earps'}, 'position': {'id': 1, 'name': 'Goalkeeper'}, 'teammate': False}, {'location': [111.0, 18.0], 'player': {'id': 15284, 'name': 'Aitana Bonmati Conca'}, 'position': {'id':",fb8ca8d0-36da-4f29-a9ff-9dffabc80db7,Saved,0.046465375,Normal,Open Play,"Spain Women's",98.5,37.9,119.3,43.3,522453c2-0ef4-4b97-94f3-d033200b51ae,"[98.426816770454, 80.0, 81.0374167898727, 9.386524337259, 96.7457187927412, 2.87913072932339, 120.0, 41.8303319070092, 120.0, 80.0, 98.426816770454, 80.0]",3906390,True,False,False,105.72829543851108," 31.560637401395766"
522453c2-0ef4-4b97-94f3-d033200b51ae,49,2,0,1.218355,522453c2-0ef4-4b97-94f3-d033200b51ae,49,María Francesca Caldentey Oliver,"Spain Women's",Right Foot,,"[{'location': [119.2, 40.5], 'player': {'id': 31538, 'name': 'Mary Alexandra Earps'}, 'position': {'id': 1, 'name': 'Goalkeeper'}, 'teammate': False}, {'location': [111.0, 18.0], 'player': {'id': 15284, 'name': 'Aitana Bonmati Conca'}, 'position': {'id':",fb8ca8d0-36da-4f29-a9ff-9dffabc80db7,Saved,0.046465375,Normal,Open Play,"Spain Women's",98.5,37.9,119.3,43.3,522453c2-0ef4-4b97-94f3-d033200b51ae,"[98.426816770454, 80.0, 81.0374167898727, 9.386524337259, 96.7457187927412, 2.87913072932339, 120.0, 41.8303319070092, 120.0, 80.0, 98.426816770454, 80.0]",3906390,True,False,False,105.96969630872653," 47.4293500314829"
522453c2-0ef4-4b97-94f3-d033200b51ae,49,2,0,1.218355,522453c2-0ef4-4b97-94f3-d033200b51ae,49,María Francesca Caldentey Oliver,"Spain Women's",Right Foot,,"[{'location': [119.2, 40.5], 'player': {'id': 31538, 'name': 'Mary Alexandra Earps'}, 'position': {'id': 1, 'name': 'Goalkeeper'}, 'teammate': False}, {'location': [111.0, 18.0], 'player': {'id': 15284, 'name': 'Aitana Bonmati Conca'}, 'position': {'id':",fb8ca8d0-36da-4f29-a9ff-9dffabc80db7,Saved,0.046465375,Normal,Open Play,"Spain Women's",98.5,37.9,119.3,43.3,522453c2-0ef4-4b97-94f3-d033200b51ae,"[98.426816770454, 80.0, 81.0374167898727, 9.386524337259, 96.7457187927412, 2.87913072932339, 120.0, 41.8303319070092, 120.0, 80.0, 98.426816770454, 80.0]",3906390,False,False,False,106.23119186591622," 40.659364506122344"
522453c2-0ef4-4b97-94f3-d033200b51ae,49,2,0,1.218355,522453c2-0ef4-4b97-94f3-d033200b51ae,49,María Francesca Caldentey Oliver,"Spain Women's",Right Foot,,"[{'location': [119.2, 40.5], 'player': {'id': 31538, 'name': 'Mary Alexandra Earps'}, 'position': {'id': 1, 'name': 'Goalkeeper'}, 'teammate': False}, {'location': [111.0, 18.0], 'player': {'id': 15284, 'name': 'Aitana Bonmati Conca'}, 'position': {'id':",fb8ca8d0-36da-4f29-a9ff-9dffabc80db7,Saved,0.046465375,Normal,Open Play,"Spain Women's",98.5,37.9,119.3,43.3,522453c2-0ef4-4b97-94f3-d033200b51ae,"[98.426816770454, 80.0, 81.0374167898727, 9.386524337259, 96.7457187927412, 2.87913072932339, 120.0, 41.8303319070092, 120.0, 80.0, 98.426816770454, 80.0]",3906390,False,False,False,106.67572645541401," 46.06916496910962"
522453c2-0ef4-4b97-94f3-d033200b51ae,49,2,0,1.218355,522453c2-0ef4-4b97-94f3-d033200b51ae,49,María Francesca Caldentey Oliver,"Spain Women's",Right Foot,,"[{'location': [119.2, 40.5], 'player': {'id': 31538, 'name': 'Mary Alexandra Earps'}, 'position': {'id': 1, 'name': 'Goalkeeper'}, 'teammate': False}, {'location': [111.0, 18.0], 'player': {'id': 15284, 'name': 'Aitana Bonmati Conca'}, 'position': {'id':",fb8ca8d0-36da-4f29-a9ff-9dffabc80db7,Saved,0.046465375,Normal,Open Play,"Spain Women's",98.5,37.9,119.3,43.3,522453c2-0ef4-4b97-94f3-d033200b51ae,"[98.426816770454, 80.0, 81.0374167898727, 9.386524337259, 96.7457187927412, 2.87913072932339, 120.0, 41.8303319070092, 120.0, 80.0, 98.426816770454, 80.0]",3906390,False,False,True,119.1053710922187," 40.422072457263994"
794cf42d-828c-4b7a-8665-f682fe16572a,4,0,0,0.830634,794cf42d-828c-4b7a-8665-f682fe16572a,4,Lauren Hemp,"England Women's",Left Foot,,"[{'location': [103.5, 61.1], 'player': {'id': 10151, 'name': 'Jennifer Hermoso Fuentes'}, 'position': {'id': 19, 'name': 'Center Attacking Midfield'}, 'teammate': False}, {'location': [107.9, 68.0], 'player': {'id': 10161, 'name': 'María Francesca Calde",,Saved,0.038291804,Normal,Open Play,"England Women's",107.9,56.3,118.1,44,794cf42d-828c-4b7a-8665-f682fe16572a,"[108.687938195122, 80.0, 90.3021100286688, 21.8772207786349, 105.03956760075, 14.8370162616249, 120.0, 37.9001516275402, 120.0, 80.0, 108.687938195122, 80.0]",3906390,False,False,False,104.13829325429705," 64.00820781210298"
794cf42d-828c-4b7a-8665-f682fe16572a,4,0,0,0.830634,794cf42d-828c-4b7a-8665-f682fe16572a,4,Lauren Hemp,"England Women's",Left Foot,,"[{'location': [103.5, 61.1], 'player': {'id': 10151, 'name': 'Jennifer Hermoso Fuentes'}, 'position': {'id': 19, 'name': 'Center Attacking Midfield'}, 'teammate': False}, {'location': [107.9, 68.0], 'player': {'id': 10161, 'name': 'María Francesca Calde",,Saved,0.038291804,Normal,Open Play,"England Women's",107.9,56.3,118.1,44,794cf42d-828c-4b7a-8665-f682fe16572a,"[108.687938195122, 80.0, 90.3021100286688, 21.8772207786349, 105.03956760075, 14.8370162616249, 120.0, 37.9001516275402, 120.0, 80.0, 108.687938195122, 80.0]",3906390,True,False,False,105.3364829139289," 51.01713678559507"
794cf42d-828c-4b7a-8665-f682fe16572a,4,0,0,0.830634,794cf42d-828c-4b7a-8665-f682fe16572a,4,Lauren Hemp,"England Women's",Left Foot,,"[{'location': [103.5, 61.1], 'player': {'id': 10151, 'name': 'Jennifer Hermoso Fuentes'}, 'position': {'id': 19, 'name': 'Center Attacking Midfield'}, 'teammate': False}, {'location': [107.9, 68.0], 'player': {'id': 10161, 'name': 'María Francesca Calde",,Saved,0.038291804,Normal,Open Play,"England Women's",107.9,56.3,118.1,44,794cf42d-828c-4b7a-8665-f682fe16572a,"[108.687938195122, 80.0, 90.3021100286688, 21.8772207786349, 105.03956760075, 14.8370162616249, 120.0, 37.9001516275402, 120.0, 80.0, 108.687938195122, 80.0]",3906390,False,False,False,106.79953442557688," 57.561826343738616"
794cf42d-828c-4b7a-8665-f682fe16572a,4,0,0,0.830634,794cf42d-828c-4b7a-8665-f682fe16572a,4,Lauren Hemp,"England Women's",Left Foot,,"[{'location': [103.5, 61.1], 'player': {'id': 10151, 'name': 'Jennifer Hermoso Fuentes'}, 'position': {'id': 19, 'name': 'Center Attacking Midfield'}, 'teammate': False}, {'location': [107.9, 68.0], 'player': {'id': 10161, 'name': 'María Francesca Calde",,Saved,0.038291804,Normal,Open Play,"England Women's",107.9,56.3,118.1,44,794cf42d-828c-4b7a-8665-f682fe16572a,"[108.687938195122, 80.0, 90.3021100286688, 21.8772207786349, 105.03956760075, 14.8370162616249, 120.0, 37.9001516275402, 120.0, 80.0, 108.687938195122, 80.0]",3906390,True,False,False,107.46637538553887," 37.44619124359242"
794cf42d-828c-4b7a-8665-f682fe16572a,4,0,0,0.830634,794cf42d-828c-4b7a-8665-f682fe16572a,4,Lauren Hemp,"England Women's",Left Foot,,"[{'location': [103.5, 61.1], 'player': {'id': 10151, 'name': 'Jennifer Hermoso Fuentes'}, 'position': {'id': 19, 'name': 'Center Attacking Midfield'}, 'teammate': False}, {'location': [107.9, 68.0], 'player': {'id': 10161, 'name': 'María Francesca Calde",,Saved,0.038291804,Normal,Open Play,"England Women's",107.9,56.3,118.1,44,794cf42d-828c-4b7a-8665-f682fe16572a,"[108.687938195122, 80.0, 90.3021100286688, 21.8772207786349, 105.03956760075, 14.8370162616249, 120.0, 37.9001516275402, 120.0, 80.0, 108.687938195122, 80.0]",3906390,True,True,False,107.9000015258789," 56.29999923706055"
794cf42d-828c-4b7a-8665-f682fe16572a,4,0,0,0.830634,794cf42d-828c-4b7a-8665-f682fe16572a,4,Lauren Hemp,"England Women's",Left Foot,,"[{'location': [103.5, 61.1], 'player': {'id': 10151, 'name': 'Jennifer Hermoso Fuentes'}, 'position': {'id': 19, 'name': 'Center Attacking Midfield'}, 'teammate': False}, {'location': [107.9, 68.0], 'player': {'id': 10161, 'name': 'María Francesca Calde",,Saved,0.038291804,Normal,Open Play,"England Women's",107.9,56.3,118.1,44,794cf42d-828c-4b7a-8665-f682fe16572a,"[108.687938195122, 80.0, 90.3021100286688, 21.8772207786349, 105.03956760075, 14.8370162616249, 120.0, 37.9001516275402, 120.0, 80.0, 108.687938195122, 80.0]",3906390,False,False,False,108.61661873899776," 72.67307107203649"
794cf42d-828c-4b7a-8665-f682fe16572a,4,0,0,0.830634,794cf42d-828c-4b7a-8665-f682fe16572a,4,Lauren Hemp,"England Women's",Left Foot,,"[{'location': [103.5, 61.1], 'player': {'id': 10151, 'name': 'Jennifer Hermoso Fuentes'}, 'position': {'id': 19, 'name': 'Center Attacking Midfield'}, 'teammate': False}, {'location': [107.9, 68.0], 'player': {'id': 10161, 'name': 'María Francesca Calde",,Saved,0.038291804,Normal,Open Play,"England Women's",107.9,56.3,118.1,44,794cf42d-828c-4b7a-8665-f682fe16572a,"[108.687938195122, 80.0, 90.3021100286688, 21.8772207786349, 105.03956760075, 14.8370162616249, 120.0, 37.9001516275402, 120.0, 80.0, 108.687938195122, 80.0]",3906390,False,False,False,109.91129040560915," 54.04729386223154"
794cf42d-828c-4b7a-8665-f682fe16572a,4,0,0,0.830634,794cf42d-828c-4b7a-8665-f682fe16572a,4,Lauren Hemp,"England Women's",Left Foot,,"[{'location': [103.5, 61.1], 'player': {'id': 10151, 'name': 'Jennifer Hermoso Fuentes'}, 'position': {'id': 19, 'name': 'Center Attacking Midfield'}, 'teammate': False}, {'location': [107.9, 68.0], 'player': {'id': 10161, 'name': 'María Francesca Calde",,Saved,0.038291804,Normal,Open Play,"England Women's",107.9,56.3,118.1,44,794cf42d-828c-4b7a-8665-f682fe16572a,"[108.687938195122, 80.0, 90.3021100286688, 21.8772207786349, 105.03956760075, 14.8370162616249, 120.0, 37.9001516275402, 120.0, 80.0, 108.687938195122, 80.0]",3906390,False,False,False,110.23865993943392," 40.35677624008944"
794cf42d-828c-4b7a-8665-f682fe16572a,4,0,0,0.830634,794cf42d-828c-4b7a-8665-f682fe16572a,4,Lauren Hemp,"England Women's",Left Foot,,"[{'location': [103.5, 61.1], 'player': {'id': 10151, 'name': 'Jennifer Hermoso Fuentes'}, 'position': {'id': 19, 'name': 'Center Attacking Midfield'}, 'teammate': False}, {'location': [107.9, 68.0], 'player': {'id': 10161, 'name': 'María Francesca Calde",,Saved,0.038291804,Normal,Open Play,"England Women's",107.9,56.3,118.1,44,794cf42d-828c-4b7a-8665-f682fe16572a,"[108.687938195122, 80.0, 90.3021100286688, 21.8772207786349, 105.03956760075, 14.8370162616249, 120.0, 37.9001516275402, 120.0, 80.0, 108.687938195122, 80.0]",3906390,False,False,False,110.48211138432629," 60.548656936636604"
794cf42d-828c-4b7a-8665-f682fe16572a,4,0,0,0.830634,794cf42d-828c-4b7a-8665-f682fe16572a,4,Lauren Hemp,"England Women's",Left Foot,,"[{'location': [103.5, 61.1], 'player': {'id': 10151, 'name': 'Jennifer Hermoso Fuentes'}, 'position': {'id': 19, 'name': 'Center Attacking Midfield'}, 'teammate': False}, {'location': [107.9, 68.0], 'player': {'id': 10161, 'name': 'María Francesca Calde",,Saved,0.038291804,Normal,Open Play,"England Women's",107.9,56.3,118.1,44,794cf42d-828c-4b7a-8665-f682fe16572a,"[108.687938195122, 80.0, 90.3021100286688, 21.8772207786349, 105.03956760075, 14.8370162616249, 120.0, 37.9001516275402, 120.0, 80.0, 108.687938195122, 80.0]",3906390,False,False,False,110.79095958321135," 49.57800169652734"
794cf42d-828c-4b7a-8665-f682fe16572a,4,0,0,0.830634,794cf42d-828c-4b7a-8665-f682fe16572a,4,Lauren Hemp,"England Women's",Left Foot,,"[{'location': [103.5, 61.1], 'player': {'id': 10151, 'name': 'Jennifer Hermoso Fuentes'}, 'position': {'id': 19, 'name': 'Center Attacking Midfield'}, 'teammate': False}, {'location': [107.9, 68.0], 'player': {'id': 10161, 'name': 'María Francesca Calde",,Saved,0.038291804,Normal,Open Play,"England Women's",107.9,56.3,118.1,44,794cf42d-828c-4b7a-8665-f682fe16572a,"[108.687938195122, 80.0, 90.3021100286688, 21.8772207786349, 105.03956760075, 14.8370162616249, 120.0, 37.9001516275402, 120.0, 80.0, 108.687938195122, 80.0]",3906390,False,False,False,110.82719070740924," 45.817072376519576"
794cf42d-828c-4b7a-8665-f682fe16572a,4,0,0,0.830634,794cf42d-828c-4b7a-8665-f682fe16572a,4,Lauren Hemp,"England Women's",Left Foot,,"[{'location': [103.5, 61.1], 'player': {'id': 10151, 'name': 'Jennifer Hermoso Fuentes'}, 'position': {'id': 19, 'name': 'Center Attacking Midfield'}, 'teammate': False}, {'location': [107.9, 68.0], 'player': {'id': 10161, 'name': 'María Francesca Calde",,Saved,0.038291804,Normal,Open Play,"England Women's",107.9,56.3,118.1,44,794cf42d-828c-4b7a-8665-f682fe16572a,"[108.687938195122, 80.0, 90.3021100286688, 21.8772207786349, 105.03956760075, 14.8370162616249, 120.0, 37.9001516275402, 120.0, 80.0, 108.687938195122, 80.0]",3906390,True,False,False,110.88701360512222," 50.695858289852104"
794cf42d-828c-4b7a-8665-f682fe16572a,4,0,0,0.830634,794cf42d-828c-4b7a-8665-f682fe16572a,4,Lauren Hemp,"England Women's",Left Foot,,"[{'location': [103.5, 61.1], 'player': {'id': 10151, 'name': 'Jennifer Hermoso Fuentes'}, 'position': {'id': 19, 'name': 'Center Attacking Midfield'}, 'teammate': False}, {'location': [107.9, 68.0], 'player': {'id': 10161, 'name': 'María Francesca Calde",,Saved,0.038291804,Normal,Open Play,"England Women's",107.9,56.3,118.1,44,794cf42d-828c-4b7a-8665-f682fe16572a,"[108.687938195122, 80.0, 90.3021100286688, 21.8772207786349, 105.03956760075, 14.8370162616249, 120.0, 37.9001516275402, 120.0, 80.0, 108.687938195122, 80.0]",3906390,False,False,True,118.42559681351837," 45.49548651965259"
9b0cf7d1-86ce-427c-8cee-7934f7742ffe,45,1,2,0.925028,9b0cf7d1-86ce-427c-8cee-7934f7742ffe,45,Salma Paralluelo Ayingono,"Spain Women's",Right Foot,,"[{'location': [119.2, 42.1], 'player': {'id': 31538, 'name': 'Mary Alexandra Earps'}, 'position': {'id': 1, 'name': 'Goalkeeper'}, 'teammate': False}, {'location': [107.3, 57.3], 'player': {'id': 5058, 'name': 'Rachel Daly'}, 'position': {'id': 8, 'name'",8cb79d5b-6b77-4bb2-8fa9-00cc39672664,Post,0.13031209,Half Volley,Open Play,"Spain Women's",108.3,40.7,120,44,9b0cf7d1-86ce-427c-8cee-7934f7742ffe,"[102.292505270003, 80.0, 100.281190233867, 80.0, 85.7602434597403, 72.8408485370469, 112.022790956529, 0.0, 120.0, 0.0, 120.0, 55.3358251819989, 102.292505270003, 80.0]",3906390,True,False,False,96.21813693213217," 55.67032689009483"
9b0cf7d1-86ce-427c-8cee-7934f7742ffe,45,1,2,0.925028,9b0cf7d1-86ce-427c-8cee-7934f7742ffe,45,Salma Paralluelo Ayingono,"Spain Women's",Right Foot,,"[{'location': [119.2, 42.1], 'player': {'id': 31538, 'name': 'Mary Alexandra Earps'}, 'position': {'id': 1, 'name': 'Goalkeeper'}, 'teammate': False}, {'location': [107.3, 57.3], 'player': {'id': 5058, 'name': 'Rachel Daly'}, 'position': {'id': 8, 'name'",8cb79d5b-6b77-4bb2-8fa9-00cc39672664,Post,0.13031209,Half Volley,Open Play,"Spain Women's",108.3,40.7,120,44,9b0cf7d1-86ce-427c-8cee-7934f7742ffe,"[102.292505270003, 80.0, 100.281190233867, 80.0, 85.7602434597403, 72.8408485370469, 112.022790956529, 0.0, 120.0, 0.0, 120.0, 55.3358251819989, 102.292505270003, 80.0]",3906390,True,False,False,97.69896002662979," 44.795918524843884"
9b0cf7d1-86ce-427c-8cee-7934f7742ffe,45,1,2,0.925028,9b0cf7d1-86ce-427c-8cee-7934f7742ffe,45,Salma Paralluelo Ayingono,"Spain Women's",Right Foot,,"[{'location': [119.2, 42.1], 'player': {'id': 31538, 'name': 'Mary Alexandra Earps'}, 'position': {'id': 1, 'name': 'Goalkeeper'}, 'teammate': False}, {'location': [107.3, 57.3], 'player': {'id': 5058, 'name': 'Rachel Daly'}, 'position': {'id': 8, 'name'",8cb79d5b-6b77-4bb2-8fa9-00cc39672664,Post,0.13031209,Half Volley,Open Play,"Spain Women's",108.3,40.7,120,44,9b0cf7d1-86ce-427c-8cee-7934f7742ffe,"[102.292505270003, 80.0, 100.281190233867, 80.0, 85.7602434597403, 72.8408485370469, 112.022790956529, 0.0, 120.0, 0.0, 120.0, 55.3358251819989, 102.292505270003, 80.0]",3906390,False,False,False,101.27184527726827," 47.03575166195354"
9b0cf7d1-86ce-427c-8cee-7934f7742ffe,45,1,2,0.925028,9b0cf7d1-86ce-427c-8cee-7934f7742ffe,45,Salma Paralluelo Ayingono,"Spain Women's",Right Foot,,"[{'location': [119.2, 42.1], 'player': {'id': 31538, 'name': 'Mary Alexandra Earps'}, 'position': {'id': 1, 'name': 'Goalkeeper'}, 'teammate': False}, {'location': [107.3, 57.3], 'player': {'id': 5058, 'name': 'Rachel Daly'}, 'position': {'id': 8, 'name'",8cb79d5b-6b77-4bb2-8fa9-00cc39672664,Post,0.13031209,Half Volley,Open Play,"Spain Women's",108.3,40.7,120,44,9b0cf7d1-86ce-427c-8cee-7934f7742ffe,"[102.292505270003, 80.0, 100.281190233867, 80.0, 85.7602434597403, 72.8408485370469, 112.022790956529, 0.0, 120.0, 0.0, 120.0, 55.3358251819989, 102.292505270003, 80.0]",3906390,False,False,False,102.92083103857627," 52.69828287884906"
9b0cf7d1-86ce-427c-8cee-7934f7742ffe,45,1,2,0.925028,9b0cf7d1-86ce-427c-8cee-7934f7742ffe,45,Salma Paralluelo Ayingono,"Spain Women's",Right Foot,,"[{'location': [119.2, 42.1], 'player': {'id': 31538, 'name': 'Mary Alexandra Earps'}, 'position': {'id': 1, 'name': 'Goalkeeper'}, 'teammate': False}, {'location': [107.3, 57.3], 'player': {'id': 5058, 'name': 'Rachel Daly'}, 'position': {'id': 8, 'name'",8cb79d5b-6b77-4bb2-8fa9-00cc39672664,Post,0.13031209,Half Volley,Open Play,"Spain Women's",108.3,40.7,120,44,9b0cf7d1-86ce-427c-8cee-7934f7742ffe,"[102.292505270003, 80.0, 100.281190233867, 80.0, 85.7602434597403, 72.8408485370469, 112.022790956529, 0.0, 120.0, 0.0, 120.0, 55.3358251819989, 102.292505270003, 80.0]",3906390,True,False,False,105.60404269607793," 57.02514058184766"
9b0cf7d1-86ce-427c-8cee-7934f7742ffe,45,1,2,0.925028,9b0cf7d1-86ce-427c-8cee-7934f7742ffe,45,Salma Paralluelo Ayingono,"Spain Women's",Right Foot,,"[{'location': [119.2, 42.1], 'player': {'id': 31538, 'name': 'Mary Alexandra Earps'}, 'position': {'id': 1, 'name': 'Goalkeeper'}, 'teammate': False}, {'location': [107.3, 57.3], 'player': {'id': 5058, 'name': 'Rachel Daly'}, 'position': {'id': 8, 'name'",8cb79d5b-6b77-4bb2-8fa9-00cc39672664,Post,0.13031209,Half Volley,Open Play,"Spain Women's",108.3,40.7,120,44,9b0cf7d1-86ce-427c-8cee-7934f7742ffe,"[102.292505270003, 80.0, 100.281190233867, 80.0, 85.7602434597403, 72.8408485370469, 112.022790956529, 0.0, 120.0, 0.0, 120.0, 55.3358251819989, 102.292505270003, 80.0]",3906390,True,False,False,106.95875727619232," 20.244611910770274"
9b0cf7d1-86ce-427c-8cee-7934f7742ffe,45,1,2,0.925028,9b0cf7d1-86ce-427c-8cee-7934f7742ffe,45,Salma Paralluelo Ayingono,"Spain Women's",Right Foot,,"[{'location': [119.2, 42.1], 'player': {'id': 31538, 'name': 'Mary Alexandra Earps'}, 'position': {'id': 1, 'name': 'Goalkeeper'}, 'teammate': False}, {'location': [107.3, 57.3], 'player': {'id': 5058, 'name': 'Rachel Daly'}, 'position': {'id': 8, 'name'",8cb79d5b-6b77-4bb2-8fa9-00cc39672664,Post,0.13031209,Half Volley,Open Play,"Spain Women's",108.3,40.7,120,44,9b0cf7d1-86ce-427c-8cee-7934f7742ffe,"[102.292505270003, 80.0, 100.281190233867, 80.0, 85.7602434597403, 72.8408485370469, 112.022790956529, 0.0, 120.0, 0.0, 120.0, 55.3358251819989, 102.292505270003, 80.0]",3906390,False,False,False,107.1992638389909," 54.3893379285459"
9b0cf7d1-86ce-427c-8cee-7934f7742ffe,45,1,2,0.925028,9b0cf7d1-86ce-427c-8cee-7934f7742ffe,45,Salma Paralluelo Ayingono,"Spain Women's",Right Foot,,"[{'location': [119.2, 42.1], 'player': {'id': 31538, 'name': 'Mary Alexandra Earps'}, 'position': {'id': 1, 'name': 'Goalkeeper'}, 'teammate': False}, {'location': [107.3, 57.3], 'player': {'id': 5058, 'name': 'Rachel Daly'}, 'position': {'id': 8, 'name'",8cb79d5b-6b77-4bb2-8fa9-00cc39672664,Post,0.13031209,Half Volley,Open Play,"Spain Women's",108.3,40.7,120,44,9b0cf7d1-86ce-427c-8cee-7934f7742ffe,"[102.292505270003, 80.0, 100.281190233867, 80.0, 85.7602434597403, 72.8408485370469, 112.022790956529, 0.0, 120.0, 0.0, 120.0, 55.3358251819989, 102.292505270003, 80.0]",3906390,False,False,False,107.35759364290314," 41.02811123870295"
9b0cf7d1-86ce-427c-8cee-7934f7742ffe,45,1,2,0.925028,9b0cf7d1-86ce-427c-8cee-7934f7742ffe,45,Salma Paralluelo Ayingono,"Spain Women's",Right Foot,,"[{'location': [119.2, 42.1], 'player': {'id': 31538, 'name': 'Mary Alexandra Earps'}, 'position': {'id': 1, 'name': 'Goalkeeper'}, 'teammate': False}, {'location': [107.3, 57.3], 'player': {'id': 5058, 'name': 'Rachel Daly'}, 'position': {'id': 8, 'name'",8cb79d5b-6b77-4bb2-8fa9-00cc39672664,Post,0.13031209,Half Volley,Open Play,"Spain Women's",108.3,40.7,120,44,9b0cf7d1-86ce-427c-8cee-7934f7742ffe,"[102.292505270003, 80.0, 100.281190233867, 80.0, 85.7602434597403, 72.8408485370469, 112.022790956529, 0.0, 120.0, 0.0, 120.0, 55.3358251819989, 102.292505270003, 80.0]",3906390,True,True,False,108.30000305175781," 40.70000076293945"
9b0cf7d1-86ce-427c-8cee-7934f7742ffe,45,1,2,0.925028,9b0cf7d1-86ce-427c-8cee-7934f7742ffe,45,Salma Paralluelo Ayingono,"Spain Women's",Right Foot,,"[{'location': [119.2, 42.1], 'player': {'id': 31538, 'name': 'Mary Alexandra Earps'}, 'position': {'id': 1, 'name': 'Goalkeeper'}, 'teammate': False}, {'location': [107.3, 57.3], 'player': {'id': 5058, 'name': 'Rachel Daly'}, 'position': {'id': 8, 'name'",8cb79d5b-6b77-4bb2-8fa9-00cc39672664,Post,0.13031209,Half Volley,Open Play,"Spain Women's",108.3,40.7,120,44,9b0cf7d1-86ce-427c-8cee-7934f7742ffe,"[102.292505270003, 80.0, 100.281190233867, 80.0, 85.7602434597403, 72.8408485370469, 112.022790956529, 0.0, 120.0, 0.0, 120.0, 55.3358251819989, 102.292505270003, 80.0]",3906390,False,False,False,109.97415636959064," 38.4833315642492"
9b0cf7d1-86ce-427c-8cee-7934f7742ffe,45,1,2,0.925028,9b0cf7d1-86ce-427c-8cee-7934f7742ffe,45,Salma Paralluelo Ayingono,"Spain Women's",Right Foot,,"[{'location': [119.2, 42.1], 'player': {'id': 31538, 'name': 'Mary Alexandra Earps'}, 'position': {'id': 1, 'name': 'Goalkeeper'}, 'teammate': False}, {'location': [107.3, 57.3], 'player': {'id': 5058, 'name': 'Rachel Daly'}, 'position': {'id': 8, 'name'",8cb79d5b-6b77-4bb2-8fa9-00cc39672664,Post,0.13031209,Half Volley,Open Play,"Spain Women's",108.3,40.7,120,44,9b0cf7d1-86ce-427c-8cee-7934f7742ffe,"[102.292505270003, 80.0, 100.281190233867, 80.0, 85.7602434597403, 72.8408485370469, 112.022790956529, 0.0, 120.0, 0.0, 120.0, 55.3358251819989, 102.292505270003, 80.0]",3906390,False,False,False,110.24642507261335," 46.59026749324645"
9b0cf7d1-86ce-427c-8cee-7934f7742ffe,45,1,2,0.925028,9b0cf7d1-86ce-427c-8cee-7934f7742ffe,45,Salma Paralluelo Ayingono,"Spain Women's",Right Foot,,"[{'location': [119.2, 42.1], 'player': {'id': 31538, 'name': 'Mary Alexandra Earps'}, 'position': {'id': 1, 'name': 'Goalkeeper'}, 'teammate': False}, {'location': [107.3, 57.3], 'player': {'id': 5058, 'name': 'Rachel Daly'}, 'position': {'id': 8, 'name'",8cb79d5b-6b77-4bb2-8fa9-00cc39672664,Post,0.13031209,Half Volley,Open Play,"Spain Women's",108.3,40.7,120,44,9b0cf7d1-86ce-427c-8cee-7934f7742ffe,"[102.292505270003, 80.0, 100.281190233867, 80.0, 85.7602434597403, 72.8408485370469, 112.022790956529, 0.0, 120.0, 0.0, 120.0, 55.3358251819989, 102.292505270003, 80.0]",3906390,True,False,False,110.6277409173581," 45.002557633067596"
9b0cf7d1-86ce-427c-8cee-7934f7742ffe,45,1,2,0.925028,9b0cf7d1-86ce-427c-8cee-7934f7742ffe,45,Salma Paralluelo Ayingono,"Spain Women's",Right Foot,,"[{'location': [119.2, 42.1], 'player': {'id': 31538, 'name': 'Mary Alexandra Earps'}, 'position': {'id': 1, 'name': 'Goalkeeper'}, 'teammate': False}, {'location': [107.3, 57.3], 'player': {'id': 5058, 'name': 'Rachel Daly'}, 'position': {'id': 8, 'name'",8cb79d5b-6b77-4bb2-8fa9-00cc39672664,Post,0.13031209,Half Volley,Open Play,"Spain Women's",108.3,40.7,120,44,9b0cf7d1-86ce-427c-8cee-7934f7742ffe,"[102.292505270003, 80.0, 100.281190233867, 80.0, 85.7602434597403, 72.8408485370469, 112.022790956529, 0.0, 120.0, 0.0, 120.0, 55.3358251819989, 102.292505270003, 80.0]",3906390,False,False,False,110.85273220631602," 30.016288989009876"
9b0cf7d1-86ce-427c-8cee-7934f7742ffe,45,1,2,0.925028,9b0cf7d1-86ce-427c-8cee-7934f7742ffe,45,Salma Paralluelo Ayingono,"Spain Women's",Right Foot,,"[{'location': [119.2, 42.1], 'player': {'id': 31538, 'name': 'Mary Alexandra Earps'}, 'position': {'id': 1, 'name': 'Goalkeeper'}, 'teammate': False}, {'location': [107.3, 57.3], 'player': {'id': 5058, 'name': 'Rachel Daly'}, 'position': {'id': 8, 'name'",8cb79d5b-6b77-4bb2-8fa9-00cc39672664,Post,0.13031209,Half Volley,Open Play,"Spain Women's",108.3,40.7,120,44,9b0cf7d1-86ce-427c-8cee-7934f7742ffe,"[102.292505270003, 80.0, 100.281190233867, 80.0, 85.7602434597403, 72.8408485370469, 112.022790956529, 0.0, 120.0, 0.0, 120.0, 55.3358251819989, 102.292505270003, 80.0]",3906390,False,False,False,111.85687428437734," 41.64952316640496"
9b0cf7d1-86ce-427c-8cee-7934f7742ffe,45,1,2,0.925028,9b0cf7d1-86ce-427c-8cee-7934f7742ffe,45,Salma Paralluelo Ayingono,"Spain Women's",Right Foot,,"[{'location': [119.2, 42.1], 'player': {'id': 31538, 'name': 'Mary Alexandra Earps'}, 'position': {'id': 1, 'name': 'Goalkeeper'}, 'teammate': False}, {'location': [107.3, 57.3], 'player': {'id': 5058, 'name': 'Rachel Daly'}, 'position': {'id': 8, 'name'",8cb79d5b-6b77-4bb2-8fa9-00cc39672664,Post,0.13031209,Half Volley,Open Play,"Spain Women's",108.3,40.7,120,44,9b0cf7d1-86ce-427c-8cee-7934f7742ffe,"[102.292505270003, 80.0, 100.281190233867, 80.0, 85.7602434597403, 72.8408485370469, 112.022790956529, 0.0, 120.0, 0.0, 120.0, 55.3358251819989, 102.292505270003, 80.0]",3906390,False,False,True,119.49951252228595," 40.3120888464466"
a7d3f03e-ae8e-4eb1-a70c-bbd9ce44d8e1,28,1,1,0.912924,a7d3f03e-ae8e-4eb1-a70c-bbd9ce44d8e1,28,Olga  Carmona García,"Spain Women's",Left Foot,,"[{'location': [108.8, 44.4], 'player': {'id': 5058, 'name': 'Rachel Daly'}, 'position': {'id': 8, 'name': 'Left Wing Back'}, 'teammate': False}, {'location': [109.6, 39.6], 'player': {'id': 10252, 'name': 'Alex Greenwood'}, 'position': {'id': 5, 'name': ",0d5a98f0-81b1-446b-8b02-8f4638fc7404,Goal,0.054861497,Normal,Open Play,"Spain Women's",107.1,24.5,120,43.5,a7d3f03e-ae8e-4eb1-a70c-bbd9ce44d8e1,"[100.618048130514, 74.1776328592501, 85.4113799240088, 67.3590883745004, 103.828272204678, 0.0, 120.0, 0.0, 120.0, 45.2972004769957, 100.618048130514, 74.1776328592501]",3906390,False,False,False,94.75468181802609," 42.11826191383274"
a7d3f03e-ae8e-4eb1-a70c-bbd9ce44d8e1,28,1,1,0.912924,a7d3f03e-ae8e-4eb1-a70c-bbd9ce44d8e1,28,Olga  Carmona García,"Spain Women's",Left Foot,,"[{'location': [108.8, 44.4], 'player': {'id': 5058, 'name': 'Rachel Daly'}, 'position': {'id': 8, 'name': 'Left Wing Back'}, 'teammate': False}, {'location': [109.6, 39.6], 'player': {'id': 10252, 'name': 'Alex Greenwood'}, 'position': {'id': 5, 'name': ",0d5a98f0-81b1-446b-8b02-8f4638fc7404,Goal,0.054861497,Normal,Open Play,"Spain Women's",107.1,24.5,120,43.5,a7d3f03e-ae8e-4eb1-a70c-bbd9ce44d8e1,"[100.618048130514, 74.1776328592501, 85.4113799240088, 67.3590883745004, 103.828272204678, 0.0, 120.0, 0.0, 120.0, 45.2972004769957, 100.618048130514, 74.1776328592501]",3906390,True,False,False,97.26260791290446," 26.913327233441372"
a7d3f03e-ae8e-4eb1-a70c-bbd9ce44d8e1,28,1,1,0.912924,a7d3f03e-ae8e-4eb1-a70c-bbd9ce44d8e1,28,Olga  Carmona García,"Spain Women's",Left Foot,,"[{'location': [108.8, 44.4], 'player': {'id': 5058, 'name': 'Rachel Daly'}, 'position': {'id': 8, 'name': 'Left Wing Back'}, 'teammate': False}, {'location': [109.6, 39.6], 'player': {'id': 10252, 'name': 'Alex Greenwood'}, 'position': {'id': 5, 'name': ",0d5a98f0-81b1-446b-8b02-8f4638fc7404,Goal,0.054861497,Normal,Open Play,"Spain Women's",107.1,24.5,120,43.5,a7d3f03e-ae8e-4eb1-a70c-bbd9ce44d8e1,"[100.618048130514, 74.1776328592501, 85.4113799240088, 67.3590883745004, 103.828272204678, 0.0, 120.0, 0.0, 120.0, 45.2972004769957, 100.618048130514, 74.1776328592501]",3906390,True,False,False,100.20871744514233," 50.548370855365036"
a7d3f03e-ae8e-4eb1-a70c-bbd9ce44d8e1,28,1,1,0.912924,a7d3f03e-ae8e-4eb1-a70c-bbd9ce44d8e1,28,Olga  Carmona García,"Spain Women's",Left Foot,,"[{'location': [108.8, 44.4], 'player': {'id': 5058, 'name': 'Rachel Daly'}, 'position': {'id': 8, 'name': 'Left Wing Back'}, 'teammate': False}, {'location': [109.6, 39.6], 'player': {'id': 10252, 'name': 'Alex Greenwood'}, 'position': {'id': 5, 'name': ",0d5a98f0-81b1-446b-8b02-8f4638fc7404,Goal,0.054861497,Normal,Open Play,"Spain Women's",107.1,24.5,120,43.5,a7d3f03e-ae8e-4eb1-a70c-bbd9ce44d8e1,"[100.618048130514, 74.1776328592501, 85.4113799240088, 67.3590883745004, 103.828272204678, 0.0, 120.0, 0.0, 120.0, 45.2972004769957, 100.618048130514, 74.1776328592501]",3906390,False,False,False,101.8175762774145," 38.98751903026293"
a7d3f03e-ae8e-4eb1-a70c-bbd9ce44d8e1,28,1,1,0.912924,a7d3f03e-ae8e-4eb1-a70c-bbd9ce44d8e1,28,Olga  Carmona García,"Spain Women's",Left Foot,,"[{'location': [108.8, 44.4], 'player': {'id': 5058, 'name': 'Rachel Daly'}, 'position': {'id': 8, 'name': 'Left Wing Back'}, 'teammate': False}, {'location': [109.6, 39.6], 'player': {'id': 10252, 'name': 'Alex Greenwood'}, 'position': {'id': 5, 'name': ",0d5a98f0-81b1-446b-8b02-8f4638fc7404,Goal,0.054861497,Normal,Open Play,"Spain Women's",107.1,24.5,120,43.5,a7d3f03e-ae8e-4eb1-a70c-bbd9ce44d8e1,"[100.618048130514, 74.1776328592501, 85.4113799240088, 67.3590883745004, 103.828272204678, 0.0, 120.0, 0.0, 120.0, 45.2972004769957, 100.618048130514, 74.1776328592501]",3906390,False,False,False,102.56035609009132," 29.90912910429259"
a7d3f03e-ae8e-4eb1-a70c-bbd9ce44d8e1,28,1,1,0.912924,a7d3f03e-ae8e-4eb1-a70c-bbd9ce44d8e1,28,Olga  Carmona García,"Spain Women's",Left Foot,,"[{'location': [108.8, 44.4], 'player': {'id': 5058, 'name': 'Rachel Daly'}, 'position': {'id': 8, 'name': 'Left Wing Back'}, 'teammate': False}, {'location': [109.6, 39.6], 'player': {'id': 10252, 'name': 'Alex Greenwood'}, 'position': {'id': 5, 'name': ",0d5a98f0-81b1-446b-8b02-8f4638fc7404,Goal,0.054861497,Normal,Open Play,"Spain Women's",107.1,24.5,120,43.5,a7d3f03e-ae8e-4eb1-a70c-bbd9ce44d8e1,"[100.618048130514, 74.1776328592501, 85.4113799240088, 67.3590883745004, 103.828272204678, 0.0, 120.0, 0.0, 120.0, 45.2972004769957, 100.618048130514, 74.1776328592501]",3906390,True,False,False,103.12178515465361," 40.28596372597786"
a7d3f03e-ae8e-4eb1-a70c-bbd9ce44d8e1,28,1,1,0.912924,a7d3f03e-ae8e-4eb1-a70c-bbd9ce44d8e1,28,Olga  Carmona García,"Spain Women's",Left Foot,,"[{'location': [108.8, 44.4], 'player': {'id': 5058, 'name': 'Rachel Daly'}, 'position': {'id': 8, 'name': 'Left Wing Back'}, 'teammate': False}, {'location': [109.6, 39.6], 'player': {'id': 10252, 'name': 'Alex Greenwood'}, 'position': {'id': 5, 'name': ",0d5a98f0-81b1-446b-8b02-8f4638fc7404,Goal,0.054861497,Normal,Open Play,"Spain Women's",107.1,24.5,120,43.5,a7d3f03e-ae8e-4eb1-a70c-bbd9ce44d8e1,"[100.618048130514, 74.1776328592501, 85.4113799240088, 67.3590883745004, 103.828272204678, 0.0, 120.0, 0.0, 120.0, 45.2972004769957, 100.618048130514, 74.1776328592501]",3906390,True,False,False,105.50005901682216," 48.10210000502914"
a7d3f03e-ae8e-4eb1-a70c-bbd9ce44d8e1,28,1,1,0.912924,a7d3f03e-ae8e-4eb1-a70c-bbd9ce44d8e1,28,Olga  Carmona García,"Spain Women's",Left Foot,,"[{'location': [108.8, 44.4], 'player': {'id': 5058, 'name': 'Rachel Daly'}, 'position': {'id': 8, 'name': 'Left Wing Back'}, 'teammate': False}, {'location': [109.6, 39.6], 'player': {'id': 10252, 'name': 'Alex Greenwood'}, 'position': {'id': 5, 'name': ",0d5a98f0-81b1-446b-8b02-8f4638fc7404,Goal,0.054861497,Normal,Open Play,"Spain Women's",107.1,24.5,120,43.5,a7d3f03e-ae8e-4eb1-a70c-bbd9ce44d8e1,"[100.618048130514, 74.1776328592501, 85.4113799240088, 67.3590883745004, 103.828272204678, 0.0, 120.0, 0.0, 120.0, 45.2972004769957, 100.618048130514, 74.1776328592501]",3906390,False,False,False,106.25171907041454," 28.558801092430024"
a7d3f03e-ae8e-4eb1-a70c-bbd9ce44d8e1,28,1,1,0.912924,a7d3f03e-ae8e-4eb1-a70c-bbd9ce44d8e1,28,Olga  Carmona García,"Spain Women's",Left Foot,,"[{'location': [108.8, 44.4], 'player': {'id': 5058, 'name': 'Rachel Daly'}, 'position': {'id': 8, 'name': 'Left Wing Back'}, 'teammate': False}, {'location': [109.6, 39.6], 'player': {'id': 10252, 'name': 'Alex Greenwood'}, 'position': {'id': 5, 'name': ",0d5a98f0-81b1-446b-8b02-8f4638fc7404,Goal,0.054861497,Normal,Open Play,"Spain Women's",107.1,24.5,120,43.5,a7d3f03e-ae8e-4eb1-a70c-bbd9ce44d8e1,"[100.618048130514, 74.1776328592501, 85.4113799240088, 67.3590883745004, 103.828272204678, 0.0, 120.0, 0.0, 120.0, 45.2972004769957, 100.618048130514, 74.1776328592501]",3906390,True,True,False,107.0999984741211," 24.5"
a7d3f03e-ae8e-4eb1-a70c-bbd9ce44d8e1,28,1,1,0.912924,a7d3f03e-ae8e-4eb1-a70c-bbd9ce44d8e1,28,Olga  Carmona García,"Spain Women's",Left Foot,,"[{'location': [108.8, 44.4], 'player': {'id': 5058, 'name': 'Rachel Daly'}, 'position': {'id': 8, 'name': 'Left Wing Back'}, 'teammate': False}, {'location': [109.6, 39.6], 'player': {'id': 10252, 'name': 'Alex Greenwood'}, 'position': {'id': 5, 'name': ",0d5a98f0-81b1-446b-8b02-8f4638fc7404,Goal,0.054861497,Normal,Open Play,"Spain Women's",107.1,24.5,120,43.5,a7d3f03e-ae8e-4eb1-a70c-bbd9ce44d8e1,"[100.618048130514, 74.1776328592501, 85.4113799240088, 67.3590883745004, 103.828272204678, 0.0, 120.0, 0.0, 120.0, 45.2972004769957, 100.618048130514, 74.1776328592501]",3906390,False,False,False,107.19647358037203," 22.67662251340601"
a7d3f03e-ae8e-4eb1-a70c-bbd9ce44d8e1,28,1,1,0.912924,a7d3f03e-ae8e-4eb1-a70c-bbd9ce44d8e1,28,Olga  Carmona García,"Spain Women's",Left Foot,,"[{'location': [108.8, 44.4], 'player': {'id': 5058, 'name': 'Rachel Daly'}, 'position': {'id': 8, 'name': 'Left Wing Back'}, 'teammate': False}, {'location': [109.6, 39.6], 'player': {'id': 10252, 'name': 'Alex Greenwood'}, 'position': {'id': 5, 'name': ",0d5a98f0-81b1-446b-8b02-8f4638fc7404,Goal,0.054861497,Normal,Open Play,"Spain Women's",107.1,24.5,120,43.5,a7d3f03e-ae8e-4eb1-a70c-bbd9ce44d8e1,"[100.618048130514, 74.1776328592501, 85.4113799240088, 67.3590883745004, 103.828272204678, 0.0, 120.0, 0.0, 120.0, 45.2972004769957, 100.618048130514, 74.1776328592501]",3906390,False,False,False,108.98812995458833," 44.622990181123086"
a7d3f03e-ae8e-4eb1-a70c-bbd9ce44d8e1,28,1,1,0.912924,a7d3f03e-ae8e-4eb1-a70c-bbd9ce44d8e1,28,Olga  Carmona García,"Spain Women's",Left Foot,,"[{'location': [108.8, 44.4], 'player': {'id': 5058, 'name': 'Rachel Daly'}, 'position': {'id': 8, 'name': 'Left Wing Back'}, 'teammate': False}, {'location': [109.6, 39.6], 'player': {'id': 10252, 'name': 'Alex Greenwood'}, 'position': {'id': 5, 'name': ",0d5a98f0-81b1-446b-8b02-8f4638fc7404,Goal,0.054861497,Normal,Open Play,"Spain Women's",107.1,24.5,120,43.5,a7d3f03e-ae8e-4eb1-a70c-bbd9ce44d8e1,"[100.618048130514, 74.1776328592501, 85.4113799240088, 67.3590883745004, 103.828272204678, 0.0, 120.0, 0.0, 120.0, 45.2972004769957, 100.618048130514, 74.1776328592501]",3906390,True,False,False,109.43703647925953," 37.17444766387739"
a7d3f03e-ae8e-4eb1-a70c-bbd9ce44d8e1,28,1,1,0.912924,a7d3f03e-ae8e-4eb1-a70c-bbd9ce44d8e1,28,Olga  Carmona García,"Spain Women's",Left Foot,,"[{'location': [108.8, 44.4], 'player': {'id': 5058, 'name': 'Rachel Daly'}, 'position': {'id': 8, 'name': 'Left Wing Back'}, 'teammate': False}, {'location': [109.6, 39.6], 'player': {'id': 10252, 'name': 'Alex Greenwood'}, 'position': {'id': 5, 'name': ",0d5a98f0-81b1-446b-8b02-8f4638fc7404,Goal,0.054861497,Normal,Open Play,"Spain Women's",107.1,24.5,120,43.5,a7d3f03e-ae8e-4eb1-a70c-bbd9ce44d8e1,"[100.618048130514, 74.1776328592501, 85.4113799240088, 67.3590883745004, 103.828272204678, 0.0, 120.0, 0.0, 120.0, 45.2972004769957, 100.618048130514, 74.1776328592501]",3906390,False,False,False,110.56375536047995," 39.53664825833952"
a7d3f03e-ae8e-4eb1-a70c-bbd9ce44d8e1,28,1,1,0.912924,a7d3f03e-ae8e-4eb1-a70c-bbd9ce44d8e1,28,Olga  Carmona García,"Spain Women's",Left Foot,,"[{'location': [108.8, 44.4], 'player': {'id': 5058, 'name': 'Rachel Daly'}, 'position': {'id': 8, 'name': 'Left Wing Back'}, 'teammate': False}, {'location': [109.6, 39.6], 'player': {'id': 10252, 'name': 'Alex Greenwood'}, 'position': {'id': 5, 'name': ",0d5a98f0-81b1-446b-8b02-8f4638fc7404,Goal,0.054861497,Normal,Open Play,"Spain Women's",107.1,24.5,120,43.5,a7d3f03e-ae8e-4eb1-a70c-bbd9ce44d8e1,"[100.618048130514, 74.1776328592501, 85.4113799240088, 67.3590883745004, 103.828272204678, 0.0, 120.0, 0.0, 120.0, 45.2972004769957, 100.618048130514, 74.1776328592501]",3906390,False,False,False,111.29174851460786," 36.36150836531003"
a7d3f03e-ae8e-4eb1-a70c-bbd9ce44d8e1,28,1,1,0.912924,a7d3f03e-ae8e-4eb1-a70c-bbd9ce44d8e1,28,Olga  Carmona García,"Spain Women's",Left Foot,,"[{'location': [108.8, 44.4], 'player': {'id': 5058, 'name': 'Rachel Daly'}, 'position': {'id': 8, 'name': 'Left Wing Back'}, 'teammate': False}, {'location': [109.6, 39.6], 'player': {'id': 10252, 'name': 'Alex Greenwood'}, 'position': {'id': 5, 'name': ",0d5a98f0-81b1-446b-8b02-8f4638fc7404,Goal,0.054861497,Normal,Open Play,"Spain Women's",107.1,24.5,120,43.5,a7d3f03e-ae8e-4eb1-a70c-bbd9ce44d8e1,"[100.618048130514, 74.1776328592501, 85.4113799240088, 67.3590883745004, 103.828272204678, 0.0, 120.0, 0.0, 120.0, 45.2972004769957, 100.618048130514, 74.1776328592501]",3906390,False,False,True,118.70296214941118," 35.213284985737914"
cbe15a9c-da5e-4005-a46f-4ded6839727b,69,2,1,0.515375,cbe15a9c-da5e-4005-a46f-4ded6839727b,69,Jennifer Hermoso Fuentes,"Spain Women's",Left Foot,,,,Saved,0.7835,Normal,Penalty,"Spain Women's",108.1,40.1,119.2,43.2,cbe15a9c-da5e-4005-a46f-4ded6839727b,"[116.971444280382, 80.0, 92.9786079388083, 16.7479628739921, 106.262744291844, 10.0835673685152, 120.0, 28.3162945736604, 120.0, 80.0, 116.971444280382, 80.0]",3906390,True,False,False,99.68394551935293," 30.81467854725514"
cbe15a9c-da5e-4005-a46f-4ded6839727b,69,2,1,0.515375,cbe15a9c-da5e-4005-a46f-4ded6839727b,69,Jennifer Hermoso Fuentes,"Spain Women's",Left Foot,,,,Saved,0.7835,Normal,Penalty,"Spain Women's",108.1,40.1,119.2,43.2,cbe15a9c-da5e-4005-a46f-4ded6839727b,"[116.971444280382, 80.0, 92.9786079388083, 16.7479628739921, 106.262744291844, 10.0835673685152, 120.0, 28.3162945736604, 120.0, 80.0, 116.971444280382, 80.0]",3906390,False,False,False,101.57457152915043," 29.787755181462927"
cbe15a9c-da5e-4005-a46f-4ded6839727b,69,2,1,0.515375,cbe15a9c-da5e-4005-a46f-4ded6839727b,69,Jennifer Hermoso Fuentes,"Spain Women's",Left Foot,,,,Saved,0.7835,Normal,Penalty,"Spain Women's",108.1,40.1,119.2,43.2,cbe15a9c-da5e-4005-a46f-4ded6839727b,"[116.971444280382, 80.0, 92.9786079388083, 16.7479628739921, 106.262744291844, 10.0835673685152, 120.0, 28.3162945736604, 120.0, 80.0, 116.971444280382, 80.0]",3906390,False,False,False,101.63407404327008," 30.59844832819492"
cbe15a9c-da5e-4005-a46f-4ded6839727b,69,2,1,0.515375,cbe15a9c-da5e-4005-a46f-4ded6839727b,69,Jennifer Hermoso Fuentes,"Spain Women's",Left Foot,,,,Saved,0.7835,Normal,Penalty,"Spain Women's",108.1,40.1,119.2,43.2,cbe15a9c-da5e-4005-a46f-4ded6839727b,"[116.971444280382, 80.0, 92.9786079388083, 16.7479628739921, 106.262744291844, 10.0835673685152, 120.0, 28.3162945736604, 120.0, 80.0, 116.971444280382, 80.0]",3906390,False,False,False,101.75817143923123," 27.319287604477722"
cbe15a9c-da5e-4005-a46f-4ded6839727b,69,2,1,0.515375,cbe15a9c-da5e-4005-a46f-4ded6839727b,69,Jennifer Hermoso Fuentes,"Spain Women's",Left Foot,,,,Saved,0.7835,Normal,Penalty,"Spain Women's",108.1,40.1,119.2,43.2,cbe15a9c-da5e-4005-a46f-4ded6839727b,"[116.971444280382, 80.0, 92.9786079388083, 16.7479628739921, 106.262744291844, 10.0835673685152, 120.0, 28.3162945736604, 120.0, 80.0, 116.971444280382, 80.0]",3906390,True,False,False,101.93534203153015," 28.602515451404187"
cbe15a9c-da5e-4005-a46f-4ded6839727b,69,2,1,0.515375,cbe15a9c-da5e-4005-a46f-4ded6839727b,69,Jennifer Hermoso Fuentes,"Spain Women's",Left Foot,,,,Saved,0.7835,Normal,Penalty,"Spain Women's",108.1,40.1,119.2,43.2,cbe15a9c-da5e-4005-a46f-4ded6839727b,"[116.971444280382, 80.0, 92.9786079388083, 16.7479628739921, 106.262744291844, 10.0835673685152, 120.0, 28.3162945736604, 120.0, 80.0, 116.971444280382, 80.0]",3906390,True,False,False,101.95615113936185," 23.695917846570453"
cbe15a9c-da5e-4005-a46f-4ded6839727b,69,2,1,0.515375,cbe15a9c-da5e-4005-a46f-4ded6839727b,69,Jennifer Hermoso Fuentes,"Spain Women's",Left Foot,,,,Saved,0.7835,Normal,Penalty,"Spain Women's",108.1,40.1,119.2,43.2,cbe15a9c-da5e-4005-a46f-4ded6839727b,"[116.971444280382, 80.0, 92.9786079388083, 16.7479628739921, 106.262744291844, 10.0835673685152, 120.0, 28.3162945736604, 120.0, 80.0, 116.971444280382, 80.0]",3906390,True,True,False,108.0999984741211," 40.099998474121094"
cbe15a9c-da5e-4005-a46f-4ded6839727b,69,2,1,0.515375,cbe15a9c-da5e-4005-a46f-4ded6839727b,69,Jennifer Hermoso Fuentes,"Spain Women's",Left Foot,,,,Saved,0.7835,Normal,Penalty,"Spain Women's",108.1,40.1,119.2,43.2,cbe15a9c-da5e-4005-a46f-4ded6839727b,"[116.971444280382, 80.0, 92.9786079388083, 16.7479628739921, 106.262744291844, 10.0835673685152, 120.0, 28.3162945736604, 120.0, 80.0, 116.971444280382, 80.0]",3906390,False,False,True,118.97204206182425," 39.08260802432882"
fe0c0079-ef00-4473-a384-3269a3627890,75,2,2,0.611459,fe0c0079-ef00-4473-a384-3269a3627890,75,Lauren James,"England Women's",Left Foot,,"[{'location': [118.6, 36.1], 'player': {'id': 45295, 'name': 'Catalina Thomas Coll Lluch'}, 'position': {'id': 1, 'name': 'Goalkeeper'}, 'teammate': False}, {'location': [105.5, 43.3], 'player': {'id': 15570, 'name': 'Chloe Kelly'}, 'position': {'id': 17",9b5907d2-95c9-4e6c-823a-c5e3039aa9aa,Saved,0.0142943645,Normal,Open Play,"England Women's",112.6,24.4,118.3,35.4,fe0c0079-ef00-4473-a384-3269a3627890,"[104.935175880465, 70.4772522035716, 89.776585857432, 63.0518139505169, 110.290296922763, 0.0, 120.0, 0.0, 120.0, 48.536256444672, 104.935175880465, 70.4772522035716]",3906390,True,False,False,101.74970547938999," 32.88757080795697"
fe0c0079-ef00-4473-a384-3269a3627890,75,2,2,0.611459,fe0c0079-ef00-4473-a384-3269a3627890,75,Lauren James,"England Women's",Left Foot,,"[{'location': [118.6, 36.1], 'player': {'id': 45295, 'name': 'Catalina Thomas Coll Lluch'}, 'position': {'id': 1, 'name': 'Goalkeeper'}, 'teammate': False}, {'location': [105.5, 43.3], 'player': {'id': 15570, 'name': 'Chloe Kelly'}, 'position': {'id': 17",9b5907d2-95c9-4e6c-823a-c5e3039aa9aa,Saved,0.0142943645,Normal,Open Play,"England Women's",112.6,24.4,118.3,35.4,fe0c0079-ef00-4473-a384-3269a3627890,"[104.935175880465, 70.4772522035716, 89.776585857432, 63.0518139505169, 110.290296922763, 0.0, 120.0, 0.0, 120.0, 48.536256444672, 104.935175880465, 70.4772522035716]",3906390,False,False,False,104.19231566214239," 34.21448900869007"
fe0c0079-ef00-4473-a384-3269a3627890,75,2,2,0.611459,fe0c0079-ef00-4473-a384-3269a3627890,75,Lauren James,"England Women's",Left Foot,,"[{'location': [118.6, 36.1], 'player': {'id': 45295, 'name': 'Catalina Thomas Coll Lluch'}, 'position': {'id': 1, 'name': 'Goalkeeper'}, 'teammate': False}, {'location': [105.5, 43.3], 'player': {'id': 15570, 'name': 'Chloe Kelly'}, 'position': {'id': 17",9b5907d2-95c9-4e6c-823a-c5e3039aa9aa,Saved,0.0142943645,Normal,Open Play,"England Women's",112.6,24.4,118.3,35.4,fe0c0079-ef00-4473-a384-3269a3627890,"[104.935175880465, 70.4772522035716, 89.776585857432, 63.0518139505169, 110.290296922763, 0.0, 120.0, 0.0, 120.0, 48.536256444672, 104.935175880465, 70.4772522035716]",3906390,True,False,False,106.3210929631997," 43.89625444576049"
fe0c0079-ef00-4473-a384-3269a3627890,75,2,2,0.611459,fe0c0079-ef00-4473-a384-3269a3627890,75,Lauren James,"England Women's",Left Foot,,"[{'location': [118.6, 36.1], 'player': {'id': 45295, 'name': 'Catalina Thomas Coll Lluch'}, 'position': {'id': 1, 'name': 'Goalkeeper'}, 'teammate': False}, {'location': [105.5, 43.3], 'player': {'id': 15570, 'name': 'Chloe Kelly'}, 'position': {'id': 17",9b5907d2-95c9-4e6c-823a-c5e3039aa9aa,Saved,0.0142943645,Normal,Open Play,"England Women's",112.6,24.4,118.3,35.4,fe0c0079-ef00-4473-a384-3269a3627890,"[104.935175880465, 70.4772522035716, 89.776585857432, 63.0518139505169, 110.290296922763, 0.0, 120.0, 0.0, 120.0, 48.536256444672, 104.935175880465, 70.4772522035716]",3906390,False,False,False,108.3492961439614," 36.19155791961566"
fe0c0079-ef00-4473-a384-3269a3627890,75,2,2,0.611459,fe0c0079-ef00-4473-a384-3269a3627890,75,Lauren James,"England Women's",Left Foot,,"[{'location': [118.6, 36.1], 'player': {'id': 45295, 'name': 'Catalina Thomas Coll Lluch'}, 'position': {'id': 1, 'name': 'Goalkeeper'}, 'teammate': False}, {'location': [105.5, 43.3], 'player': {'id': 15570, 'name': 'Chloe Kelly'}, 'position': {'id': 17",9b5907d2-95c9-4e6c-823a-c5e3039aa9aa,Saved,0.0142943645,Normal,Open Play,"England Women's",112.6,24.4,118.3,35.4,fe0c0079-ef00-4473-a384-3269a3627890,"[104.935175880465, 70.4772522035716, 89.776585857432, 63.0518139505169, 110.290296922763, 0.0, 120.0, 0.0, 120.0, 48.536256444672, 104.935175880465, 70.4772522035716]",3906390,False,False,False,108.60254753124275," 44.389018819309776"
fe0c0079-ef00-4473-a384-3269a3627890,75,2,2,0.611459,fe0c0079-ef00-4473-a384-3269a3627890,75,Lauren James,"England Women's",Left Foot,,"[{'location': [118.6, 36.1], 'player': {'id': 45295, 'name': 'Catalina Thomas Coll Lluch'}, 'position': {'id': 1, 'name': 'Goalkeeper'}, 'teammate': False}, {'location': [105.5, 43.3], 'player': {'id': 15570, 'name': 'Chloe Kelly'}, 'position': {'id': 17",9b5907d2-95c9-4e6c-823a-c5e3039aa9aa,Saved,0.0142943645,Normal,Open Play,"England Women's",112.6,24.4,118.3,35.4,fe0c0079-ef00-4473-a384-3269a3627890,"[104.935175880465, 70.4772522035716, 89.776585857432, 63.0518139505169, 110.290296922763, 0.0, 120.0, 0.0, 120.0, 48.536256444672, 104.935175880465, 70.4772522035716]",3906390,False,False,False,111.73925095817407," 23.66787869340091"
fe0c0079-ef00-4473-a384-3269a3627890,75,2,2,0.611459,fe0c0079-ef00-4473-a384-3269a3627890,75,Lauren James,"England Women's",Left Foot,,"[{'location': [118.6, 36.1], 'player': {'id': 45295, 'name': 'Catalina Thomas Coll Lluch'}, 'position': {'id': 1, 'name': 'Goalkeeper'}, 'teammate': False}, {'location': [105.5, 43.3], 'player': {'id': 15570, 'name': 'Chloe Kelly'}, 'position': {'id': 17",9b5907d2-95c9-4e6c-823a-c5e3039aa9aa,Saved,0.0142943645,Normal,Open Play,"England Women's",112.6,24.4,118.3,35.4,fe0c0079-ef00-4473-a384-3269a3627890,"[104.935175880465, 70.4772522035716, 89.776585857432, 63.0518139505169, 110.290296922763, 0.0, 120.0, 0.0, 120.0, 48.536256444672, 104.935175880465, 70.4772522035716]",3906390,True,True,False,112.5999984741211," 24.399999618530273"
fe0c0079-ef00-4473-a384-3269a3627890,75,2,2,0.611459,fe0c0079-ef00-4473-a384-3269a3627890,75,Lauren James,"England Women's",Left Foot,,"[{'location': [118.6, 36.1], 'player': {'id': 45295, 'name': 'Catalina Thomas Coll Lluch'}, 'position': {'id': 1, 'name': 'Goalkeeper'}, 'teammate': False}, {'location': [105.5, 43.3], 'player': {'id': 15570, 'name': 'Chloe Kelly'}, 'position': {'id': 17",9b5907d2-95c9-4e6c-823a-c5e3039aa9aa,Saved,0.0142943645,Normal,Open Play,"England Women's",112.6,24.4,118.3,35.4,fe0c0079-ef00-4473-a384-3269a3627890,"[104.935175880465, 70.4772522035716, 89.776585857432, 63.0518139505169, 110.290296922763, 0.0, 120.0, 0.0, 120.0, 48.536256444672, 104.935175880465, 70.4772522035716]",3906390,False,False,False,113.39497002448813," 25.964615165082176"
fe0c0079-ef00-4473-a384-3269a3627890,75,2,2,0.611459,fe0c0079-ef00-4473-a384-3269a3627890,75,Lauren James,"England Women's",Left Foot,,"[{'location': [118.6, 36.1], 'player': {'id': 45295, 'name': 'Catalina Thomas Coll Lluch'}, 'position': {'id': 1, 'name': 'Goalkeeper'}, 'teammate': False}, {'location': [105.5, 43.3], 'player': {'id': 15570, 'name': 'Chloe Kelly'}, 'position': {'id': 17",9b5907d2-95c9-4e6c-823a-c5e3039aa9aa,Saved,0.0142943645,Normal,Open Play,"England Women's",112.6,24.4,118.3,35.4,fe0c0079-ef00-4473-a384-3269a3627890,"[104.935175880465, 70.4772522035716, 89.776585857432, 63.0518139505169, 110.290296922763, 0.0, 120.0, 0.0, 120.0, 48.536256444672, 104.935175880465, 70.4772522035716]",3906390,False,False,True,117.84143390630341," 36.57855747220267"
