GRID_TYPE,GAME_ID,GAME_EVENT_ID,PLAYER_ID,PLAYER_NAME,TEAM_ID,TEAM_NAME,PERIOD,MINUTES_REMAINING,SECONDS_REMAINING,EVENT_TYPE,ACTION_TYPE,SHOT_TYPE,SHOT_ZONE_BASIC,SHOT_ZONE_AREA,SHOT_ZONE_RANGE,SHOT_DISTANCE,LOC_X,LOC_Y,SHOT_ATTEMPTED_FLAG,SHOT_MADE_FLAG,GAME_DATE,HTM,VTM
Shot Chart Detail,0042000406,7,101108,Chris Paul,1610612756,Phoenix Suns,1,11,40,Missed Shot,Pullup Jump shot,2PT Field Goal,Mid-Range,Center(C),16-24 ft.,19,49,189,1,0,20210720,MIL,PHX
Shot Chart Detail,0042000406,10,201950,Jrue Holiday,1610612749,Milwaukee Bucks,1,11,21,Missed Shot,Pullup Jump shot,2PT Field Goal,Mid-Range,Left Side(L),16-24 ft.,19,-189,44,1,0,20210720,MIL,PHX
Shot Chart Detail,0042000406,12,1628969,Mikal Bridges,1610612756,Phoenix Suns,1,11,14,Missed Shot,Running Layup Shot,2PT Field Goal,In The Paint (Non-RA),Center(C),Less Than 8 ft.,4,0,41,1,0,20210720,MIL,PHX
Shot Chart Detail,0042000406,15,203507,Giannis Antetokounmpo,1610612749,Milwaukee Bucks,1,11,6,Made Shot,Driving Floating Bank Jump Shot,2PT Field Goal,Restricted Area,Center(C),Less Than 8 ft.,3,27,24,1,1,20210720,MIL,PHX
Shot Chart Detail,0042000406,17,1626164,Devin Booker,1610612756,Phoenix Suns,1,10,48,Made Shot,Fadeaway Jump Shot,2PT Field Goal,Mid-Range,Right Side(R),8-16 ft.,14,84,121,1,1,20210720,MIL,PHX
Shot Chart Detail,0042000406,18,203114,Khris Middleton,1610612749,Milwaukee Bucks,1,10,24,Missed Shot,Step Back Jump shot,2PT Field Goal,Mid-Range,Left Side(L),8-16 ft.,13,-137,18,1,0,20210720,MIL,PHX
Shot Chart Detail,0042000406,21,1626164,Devin Booker,1610612756,Phoenix Suns,1,10,13,Missed Shot,Step Back Jump shot,3PT Field Goal,Above the Break 3,Right Side Center(RC),24+ ft.,26,117,239,1,0,20210720,MIL,PHX
Shot Chart Detail,0042000406,23,203109,Jae Crowder,1610612756,Phoenix Suns,1,10,3,Missed Shot,Jump Shot,3PT Field Goal,Above the Break 3,Left Side Center(LC),24+ ft.,26,-113,236,1,0,20210720,MIL,PHX
Shot Chart Detail,0042000406,27,101108,Chris Paul,1610612756,Phoenix Suns,1,9,43,Missed Shot,Step Back Jump shot,2PT Field Goal,Mid-Range,Center(C),8-16 ft.,14,8,144,1,0,20210720,MIL,PHX
Shot Chart Detail,0042000406,33,201950,Jrue Holiday,1610612749,Milwaukee Bucks,1,9,20,Missed Shot,Running Pull-Up Jump Shot,3PT Field Goal,Above the Break 3,Center(C),24+ ft.,27,-82,260,1,0,20210720,MIL,PHX
Shot Chart Detail,0042000406,38,201950,Jrue Holiday,1610612749,Milwaukee Bucks,1,8,52,Missed Shot,Pullup Jump shot,2PT Field Goal,Mid-Range,Center(C),8-16 ft.,14,-49,141,1,0,20210720,MIL,PHX
Shot Chart Detail,0042000406,41,201572,Brook Lopez,1610612749,Milwaukee Bucks,1,8,43,Made Shot,Layup Shot,2PT Field Goal,Restricted Area,Center(C),Less Than 8 ft.,2,18,12,1,1,20210720,MIL,PHX
Shot Chart Detail,0042000406,50,1626164,Devin Booker,1610612756,Phoenix Suns,1,8,1,Missed Shot,Fadeaway Jump Shot,2PT Field Goal,Mid-Range,Left Side(L),8-16 ft.,12,-123,17,1,0,20210720,MIL,PHX
Shot Chart Detail,0042000406,52,203114,Khris Middleton,1610612749,Milwaukee Bucks,1,7,52,Missed Shot,Jump Shot,3PT Field Goal,Above the Break 3,Left Side Center(LC),24+ ft.,27,-138,239,1,0,20210720,MIL,PHX
Shot Chart Detail,0042000406,54,1629028,Deandre Ayton,1610612756,Phoenix Suns,1,7,28,Missed Shot,Turnaround Jump Shot,2PT Field Goal,Mid-Range,Left Side Center(LC),16-24 ft.,21,-102,186,1,0,20210720,MIL,PHX
Shot Chart Detail,0042000406,58,101108,Chris Paul,1610612756,Phoenix Suns,1,6,51,Made Shot,Jump Shot,3PT Field Goal,Above the Break 3,Left Side Center(LC),24+ ft.,27,-140,231,1,1,20210720,MIL,PHX
Shot Chart Detail,0042000406,60,201950,Jrue Holiday,1610612749,Milwaukee Bucks,1,6,33,Made Shot,Driving Hook Shot,2PT Field Goal,In The Paint (Non-RA),Center(C),Less Than 8 ft.,6,24,61,1,1,20210720,MIL,PHX
Shot Chart Detail,0042000406,64,203114,Khris Middleton,1610612749,Milwaukee Bucks,1,6,15,Made Shot,Running Dunk Shot,2PT Field Goal,Restricted Area,Center(C),Less Than 8 ft.,1,3,13,1,1,20210720,MIL,PHX
Shot Chart Detail,0042000406,65,203109,Jae Crowder,1610612756,Phoenix Suns,1,6,6,Missed Shot,Pullup Jump shot,3PT Field Goal,Above the Break 3,Center(C),24+ ft.,26,-78,250,1,0,20210720,MIL,PHX
Shot Chart Detail,0042000406,67,203507,Giannis Antetokounmpo,1610612749,Milwaukee Bucks,1,5,57,Missed Shot,Running Pull-Up Jump Shot,3PT Field Goal,Above the Break 3,Left Side Center(LC),24+ ft.,27,-181,211,1,0,20210720,MIL,PHX
Shot Chart Detail,0042000406,69,1628969,Mikal Bridges,1610612756,Phoenix Suns,1,5,48,Made Shot,Pullup Jump shot,2PT Field Goal,Mid-Range,Right Side(R),16-24 ft.,16,155,45,1,1,20210720,MIL,PHX
Shot Chart Detail,0042000406,71,203114,Khris Middleton,1610612749,Milwaukee Bucks,1,5,30,Made Shot,Step Back Jump shot,2PT Field Goal,Mid-Range,Left Side Center(LC),16-24 ft.,18,-120,143,1,1,20210720,MIL,PHX
Shot Chart Detail,0042000406,72,1629028,Deandre Ayton,1610612756,Phoenix Suns,1,5,24,Missed Shot,Floating Jump shot,2PT Field Goal,In The Paint (Non-RA),Center(C),8-16 ft.,8,15,85,1,0,20210720,MIL,PHX
Shot Chart Detail,0042000406,74,203114,Khris Middleton,1610612749,Milwaukee Bucks,1,5,14,Made Shot,Pullup Jump shot,3PT Field Goal,Above the Break 3,Left Side Center(LC),24+ ft.,27,-180,212,1,1,20210720,MIL,PHX
Shot Chart Detail,0042000406,75,1629028,Deandre Ayton,1610612756,Phoenix Suns,1,4,57,Missed Shot,Turnaround Fadeaway shot,2PT Field Goal,In The Paint (Non-RA),Left Side(L),8-16 ft.,11,-64,93,1,0,20210720,MIL,PHX
Shot Chart Detail,0042000406,84,1629028,Deandre Ayton,1610612756,Phoenix Suns,1,4,40,Made Shot,Layup Shot,2PT Field Goal,Restricted Area,Center(C),Less Than 8 ft.,3,2,31,1,1,20210720,MIL,PHX
Shot Chart Detail,0042000406,91,203109,Jae Crowder,1610612756,Phoenix Suns,1,4,19,Made Shot,Floating Jump shot,2PT Field Goal,In The Paint (Non-RA),Center(C),8-16 ft.,13,36,125,1,1,20210720,MIL,PHX
Shot Chart Detail,0042000406,93,1626171,Bobby Portis,1610612749,Milwaukee Bucks,1,4,5,Missed Shot,Jump Shot,3PT Field Goal,Above the Break 3,Right Side Center(RC),24+ ft.,26,85,247,1,0,20210720,MIL,PHX
Shot Chart Detail,0042000406,102,1626192,Pat Connaughton,1610612749,Milwaukee Bucks,1,3,58,Missed Shot,Jump Shot,3PT Field Goal,Above the Break 3,Right Side Center(RC),24+ ft.,26,141,225,1,0,20210720,MIL,PHX
Shot Chart Detail,0042000406,108,1626164,Devin Booker,1610612756,Phoenix Suns,1,3,22,Missed Shot,Running Layup Shot,2PT Field Goal,Restricted Area,Center(C),Less Than 8 ft.,3,22,29,1,0,20210720,MIL,PHX
Shot Chart Detail,0042000406,110,1626171,Bobby Portis,1610612749,Milwaukee Bucks,1,3,10,Made Shot,Jump Shot,3PT Field Goal,Above the Break 3,Left Side Center(LC),24+ ft.,28,-105,260,1,1,20210720,MIL,PHX
Shot Chart Detail,0042000406,121,1629028,Deandre Ayton,1610612756,Phoenix Suns,1,2,56,Missed Shot,Cutting Layup Shot,2PT Field Goal,Restricted Area,Center(C),Less Than 8 ft.,2,5,26,1,0,20210720,MIL,PHX
Shot Chart Detail,0042000406,123,1626164,Devin Booker,1610612756,Phoenix Suns,1,2,50,Missed Shot,Jump Shot,3PT Field Goal,Above the Break 3,Center(C),24+ ft.,26,57,260,1,0,20210720,MIL,PHX
Shot Chart Detail,0042000406,125,201950,Jrue Holiday,1610612749,Milwaukee Bucks,1,2,45,Missed Shot,Running Layup Shot,2PT Field Goal,Restricted Area,Center(C),Less Than 8 ft.,2,13,27,1,0,20210720,MIL,PHX
Shot Chart Detail,0042000406,127,201950,Jrue Holiday,1610612749,Milwaukee Bucks,1,2,44,Missed Shot,Tip Layup Shot,2PT Field Goal,Restricted Area,Center(C),Less Than 8 ft.,0,0,0,1,0,20210720,MIL,PHX
Shot Chart Detail,0042000406,129,201572,Brook Lopez,1610612749,Milwaukee Bucks,1,2,38,Missed Shot,Jump Shot,3PT Field Goal,Above the Break 3,Right Side Center(RC),24+ ft.,26,109,247,1,0,20210720,MIL,PHX
Shot Chart Detail,0042000406,131,1626166,Cameron Payne,1610612756,Phoenix Suns,1,2,26,Made Shot,Jump Shot,3PT Field Goal,Above the Break 3,Right Side Center(RC),24+ ft.,25,116,231,1,1,20210720,MIL,PHX
Shot Chart Detail,0042000406,133,1626171,Bobby Portis,1610612749,Milwaukee Bucks,1,2,7,Made Shot,Jump Shot,3PT Field Goal,Right Corner 3,Right Side(R),24+ ft.,23,230,20,1,1,20210720,MIL,PHX
Shot Chart Detail,0042000406,135,1628969,Mikal Bridges,1610612756,Phoenix Suns,1,1,56,Missed Shot,Jump Shot,3PT Field Goal,Above the Break 3,Right Side Center(RC),24+ ft.,28,181,214,1,0,20210720,MIL,PHX
Shot Chart Detail,0042000406,137,203507,Giannis Antetokounmpo,1610612749,Milwaukee Bucks,1,1,42,Made Shot,Driving Finger Roll Layup Shot,2PT Field Goal,Restricted Area,Center(C),Less Than 8 ft.,2,-14,17,1,1,20210720,MIL,PHX
Shot Chart Detail,0042000406,138,1629661,Cameron Johnson,1610612756,Phoenix Suns,1,1,26,Missed Shot,Pullup Jump shot,3PT Field Goal,Left Corner 3,Left Side(L),24+ ft.,23,-233,47,1,0,20210720,MIL,PHX
Shot Chart Detail,0042000406,140,203507,Giannis Antetokounmpo,1610612749,Milwaukee Bucks,1,1,13,Made Shot,Driving Finger Roll Layup Shot,2PT Field Goal,Restricted Area,Center(C),Less Than 8 ft.,1,6,12,1,1,20210720,MIL,PHX
Shot Chart Detail,0042000406,142,1626166,Cameron Payne,1610612756,Phoenix Suns,1,1,1,Made Shot,Fadeaway Jump Shot,2PT Field Goal,In The Paint (Non-RA),Left Side(L),8-16 ft.,15,-79,131,1,1,20210720,MIL,PHX
Shot Chart Detail,0042000406,147,1629028,Deandre Ayton,1610612756,Phoenix Suns,1,0,31,Missed Shot,Hook Shot,2PT Field Goal,In The Paint (Non-RA),Center(C),Less Than 8 ft.,7,-2,72,1,0,20210720,MIL,PHX
Shot Chart Detail,0042000406,149,203507,Giannis Antetokounmpo,1610612749,Milwaukee Bucks,1,0,13,Missed Shot,Driving Layup Shot,2PT Field Goal,Restricted Area,Center(C),Less Than 8 ft.,3,-29,14,1,0,20210720,MIL,PHX
Shot Chart Detail,0042000406,151,201572,Brook Lopez,1610612749,Milwaukee Bucks,1,0,12,Made Shot,Tip Layup Shot,2PT Field Goal,Restricted Area,Center(C),Less Than 8 ft.,0,0,0,1,1,20210720,MIL,PHX
Shot Chart Detail,0042000406,152,1629661,Cameron Johnson,1610612756,Phoenix Suns,1,0,2,Missed Shot,Jump Shot,3PT Field Goal,Left Corner 3,Left Side(L),24+ ft.,23,-230,21,1,0,20210720,MIL,PHX
Shot Chart Detail,0042000406,162,1626192,Pat Connaughton,1610612749,Milwaukee Bucks,2,11,43,Missed Shot,Jump Shot,3PT Field Goal,Right Corner 3,Right Side(R),24+ ft.,24,236,49,1,0,20210720,MIL,PHX
Shot Chart Detail,0042000406,164,1626166,Cameron Payne,1610612756,Phoenix Suns,2,11,28,Missed Shot,Driving Floating Bank Jump Shot,2PT Field Goal,In The Paint (Non-RA),Right Side(R),8-16 ft.,8,51,62,1,0,20210720,MIL,PHX
Shot Chart Detail,0042000406,166,203114,Khris Middleton,1610612749,Milwaukee Bucks,2,11,11,Missed Shot,Fadeaway Jump Shot,2PT Field Goal,Mid-Range,Left Side(L),8-16 ft.,11,-113,13,1,0,20210720,MIL,PHX
Shot Chart Detail,0042000406,168,1626166,Cameron Payne,1610612756,Phoenix Suns,2,10,54,Made Shot,Driving Finger Roll Layup Shot,2PT Field Goal,Restricted Area,Center(C),Less Than 8 ft.,1,13,10,1,1,20210720,MIL,PHX
Shot Chart Detail,0042000406,169,203507,Giannis Antetokounmpo,1610612749,Milwaukee Bucks,2,10,40,Missed Shot,Step Back Jump shot,2PT Field Goal,Mid-Range,Left Side Center(LC),16-24 ft.,16,-94,138,1,0,20210720,MIL,PHX
Shot Chart Detail,0042000406,175,1626166,Cameron Payne,1610612756,Phoenix Suns,2,10,25,Made Shot,Pullup Jump shot,3PT Field Goal,Above the Break 3,Right Side Center(RC),24+ ft.,26,156,215,1,1,20210720,MIL,PHX
Shot Chart Detail,0042000406,181,201950,Jrue Holiday,1610612749,Milwaukee Bucks,2,9,51,Missed Shot,Jump Shot,3PT Field Goal,Above the Break 3,Right Side Center(RC),24+ ft.,26,135,230,1,0,20210720,MIL,PHX
Shot Chart Detail,0042000406,183,1629028,Deandre Ayton,1610612756,Phoenix Suns,2,9,37,Missed Shot,Hook Shot,2PT Field Goal,In The Paint (Non-RA),Center(C),Less Than 8 ft.,6,6,65,1,0,20210720,MIL,PHX
Shot Chart Detail,0042000406,186,1626192,Pat Connaughton,1610612749,Milwaukee Bucks,2,9,23,Missed Shot,Jump Shot,3PT Field Goal,Above the Break 3,Right Side Center(RC),24+ ft.,30,107,284,1,0,20210720,MIL,PHX
Shot Chart Detail,0042000406,188,1629661,Cameron Johnson,1610612756,Phoenix Suns,2,9,12,Made Shot,Jump Shot,3PT Field Goal,Above the Break 3,Right Side Center(RC),24+ ft.,28,168,234,1,1,20210720,MIL,PHX
Shot Chart Detail,0042000406,190,201950,Jrue Holiday,1610612749,Milwaukee Bucks,2,8,55,Missed Shot,Driving Reverse Layup Shot,2PT Field Goal,Restricted Area,Center(C),Less Than 8 ft.,3,21,31,1,0,20210720,MIL,PHX
Shot Chart Detail,0042000406,204,1626171,Bobby Portis,1610612749,Milwaukee Bucks,2,8,25,Made Shot,Jump Shot,2PT Field Goal,Mid-Range,Left Side(L),8-16 ft.,15,-134,68,1,1,20210720,MIL,PHX
Shot Chart Detail,0042000406,206,1629028,Deandre Ayton,1610612756,Phoenix Suns,2,8,1,Missed Shot,Hook Shot,2PT Field Goal,In The Paint (Non-RA),Center(C),Less Than 8 ft.,8,0,80,1,0,20210720,MIL,PHX
Shot Chart Detail,0042000406,208,1626171,Bobby Portis,1610612749,Milwaukee Bucks,2,7,49,Missed Shot,Jump Shot,3PT Field Goal,Above the Break 3,Right Side Center(RC),24+ ft.,26,122,231,1,0,20210720,MIL,PHX
Shot Chart Detail,0042000406,210,101108,Chris Paul,1610612756,Phoenix Suns,2,7,38,Missed Shot,Pullup Jump shot,2PT Field Goal,Mid-Range,Left Side Center(LC),16-24 ft.,16,-63,148,1,0,20210720,MIL,PHX
Shot Chart Detail,0042000406,220,1626164,Devin Booker,1610612756,Phoenix Suns,2,7,19,Made Shot,Driving Finger Roll Layup Shot,2PT Field Goal,In The Paint (Non-RA),Center(C),Less Than 8 ft.,5,49,26,1,1,20210720,MIL,PHX
Shot Chart Detail,0042000406,221,203507,Giannis Antetokounmpo,1610612749,Milwaukee Bucks,2,7,10,Missed Shot,Pullup Jump shot,2PT Field Goal,Mid-Range,Center(C),16-24 ft.,19,-20,194,1,0,20210720,MIL,PHX
Shot Chart Detail,0042000406,223,1628969,Mikal Bridges,1610612756,Phoenix Suns,2,6,43,Made Shot,Driving Floating Jump Shot,2PT Field Goal,In The Paint (Non-RA),Center(C),Less Than 8 ft.,5,18,56,1,1,20210720,MIL,PHX
Shot Chart Detail,0042000406,235,201950,Jrue Holiday,1610612749,Milwaukee Bucks,2,5,57,Missed Shot,Pullup Jump shot,2PT Field Goal,Mid-Range,Right Side(R),8-16 ft.,14,146,-11,1,0,20210720,MIL,PHX
Shot Chart Detail,0042000406,238,101108,Chris Paul,1610612756,Phoenix Suns,2,5,34,Made Shot,Driving Layup Shot,2PT Field Goal,Restricted Area,Center(C),Less Than 8 ft.,2,-4,22,1,1,20210720,MIL,PHX
Shot Chart Detail,0042000406,240,200782,P.J. Tucker,1610612749,Milwaukee Bucks,2,5,12,Missed Shot,Jump Shot,3PT Field Goal,Left Corner 3,Left Side(L),24+ ft.,23,-231,1,1,0,20210720,MIL,PHX
Shot Chart Detail,0042000406,254,201950,Jrue Holiday,1610612749,Milwaukee Bucks,2,4,37,Missed Shot,Turnaround Jump Shot,2PT Field Goal,Mid-Range,Right Side(R),16-24 ft.,17,146,102,1,0,20210720,MIL,PHX
Shot Chart Detail,0042000406,256,1626164,Devin Booker,1610612756,Phoenix Suns,2,4,30,Missed Shot,Running Pull-Up Jump Shot,3PT Field Goal,Above the Break 3,Right Side Center(RC),24+ ft.,28,171,231,1,0,20210720,MIL,PHX
Shot Chart Detail,0042000406,258,203114,Khris Middleton,1610612749,Milwaukee Bucks,2,4,19,Missed Shot,Pullup Jump shot,3PT Field Goal,Above the Break 3,Left Side Center(LC),24+ ft.,25,-155,206,1,0,20210720,MIL,PHX
Shot Chart Detail,0042000406,267,101108,Chris Paul,1610612756,Phoenix Suns,2,4,4,Made Shot,Step Back Jump shot,2PT Field Goal,Mid-Range,Right Side(R),8-16 ft.,12,93,90,1,1,20210720,MIL,PHX
Shot Chart Detail,0042000406,268,201572,Brook Lopez,1610612749,Milwaukee Bucks,2,3,56,Missed Shot,Cutting Layup Shot,2PT Field Goal,Restricted Area,Center(C),Less Than 8 ft.,2,6,26,1,0,20210720,MIL,PHX
Shot Chart Detail,0042000406,274,203507,Giannis Antetokounmpo,1610612749,Milwaukee Bucks,2,3,40,Made Shot,Turnaround Hook Shot,2PT Field Goal,In The Paint (Non-RA),Center(C),Less Than 8 ft.,6,-32,57,1,1,20210720,MIL,PHX
Shot Chart Detail,0042000406,275,101108,Chris Paul,1610612756,Phoenix Suns,2,3,24,Missed Shot,Jump Shot,2PT Field Goal,In The Paint (Non-RA),Center(C),8-16 ft.,12,-37,120,1,0,20210720,MIL,PHX
Shot Chart Detail,0042000406,277,201572,Brook Lopez,1610612749,Milwaukee Bucks,2,3,17,Missed Shot,Running Jump Shot,3PT Field Goal,Above the Break 3,Right Side Center(RC),24+ ft.,25,199,162,1,0,20210720,MIL,PHX
Shot Chart Detail,0042000406,285,201950,Jrue Holiday,1610612749,Milwaukee Bucks,2,2,57,Missed Shot,Pullup Jump shot,2PT Field Goal,Mid-Range,Center(C),8-16 ft.,15,-55,142,1,0,20210720,MIL,PHX
Shot Chart Detail,0042000406,288,101108,Chris Paul,1610612756,Phoenix Suns,2,2,42,Made Shot,Pullup Jump shot,2PT Field Goal,Mid-Range,Center(C),8-16 ft.,15,-71,141,1,1,20210720,MIL,PHX
Shot Chart Detail,0042000406,290,203507,Giannis Antetokounmpo,1610612749,Milwaukee Bucks,2,2,20,Made Shot,Cutting Layup Shot,2PT Field Goal,Restricted Area,Center(C),Less Than 8 ft.,0,6,6,1,1,20210720,MIL,PHX
Shot Chart Detail,0042000406,292,101108,Chris Paul,1610612756,Phoenix Suns,2,2,6,Made Shot,Pullup Jump shot,2PT Field Goal,In The Paint (Non-RA),Left Side(L),8-16 ft.,13,-70,117,1,1,20210720,MIL,PHX
Shot Chart Detail,0042000406,293,203507,Giannis Antetokounmpo,1610612749,Milwaukee Bucks,2,1,46,Made Shot,Fadeaway Jump Shot,2PT Field Goal,In The Paint (Non-RA),Center(C),8-16 ft.,14,53,131,1,1,20210720,MIL,PHX
Shot Chart Detail,0042000406,294,1629028,Deandre Ayton,1610612756,Phoenix Suns,2,1,23,Made Shot,Alley Oop Layup shot,2PT Field Goal,Restricted Area,Center(C),Less Than 8 ft.,2,-5,26,1,1,20210720,MIL,PHX
Shot Chart Detail,0042000406,304,1626164,Devin Booker,1610612756,Phoenix Suns,2,0,46,Missed Shot,Turnaround Fadeaway shot,2PT Field Goal,Mid-Range,Right Side Center(RC),16-24 ft.,18,142,121,1,0,20210720,MIL,PHX
Shot Chart Detail,0042000406,310,203114,Khris Middleton,1610612749,Milwaukee Bucks,2,0,32,Missed Shot,Jump Shot,3PT Field Goal,Above the Break 3,Left Side Center(LC),24+ ft.,26,-163,215,1,0,20210720,MIL,PHX
Shot Chart Detail,0042000406,312,101108,Chris Paul,1610612756,Phoenix Suns,2,0,22,Made Shot,Pullup Jump shot,2PT Field Goal,In The Paint (Non-RA),Center(C),8-16 ft.,15,70,134,1,1,20210720,MIL,PHX
Shot Chart Detail,0042000406,327,201950,Jrue Holiday,1610612749,Milwaukee Bucks,3,11,48,Missed Shot,Jump Shot,3PT Field Goal,Left Corner 3,Left Side(L),24+ ft.,23,-232,38,1,0,20210720,MIL,PHX
Shot Chart Detail,0042000406,329,1628969,Mikal Bridges,1610612756,Phoenix Suns,3,11,42,Made Shot,Running Layup Shot,2PT Field Goal,Restricted Area,Center(C),Less Than 8 ft.,2,15,21,1,1,20210720,MIL,PHX
Shot Chart Detail,0042000406,331,203507,Giannis Antetokounmpo,1610612749,Milwaukee Bucks,3,11,31,Made Shot,Turnaround Jump Shot,2PT Field Goal,In The Paint (Non-RA),Center(C),8-16 ft.,12,41,114,1,1,20210720,MIL,PHX
Shot Chart Detail,0042000406,336,1626164,Devin Booker,1610612756,Phoenix Suns,3,11,18,Missed Shot,Pullup Jump shot,2PT Field Goal,Mid-Range,Right Side(R),16-24 ft.,17,143,97,1,0,20210720,MIL,PHX
Shot Chart Detail,0042000406,338,201572,Brook Lopez,1610612749,Milwaukee Bucks,3,11,8,Missed Shot,Driving Layup Shot,2PT Field Goal,In The Paint (Non-RA),Center(C),Less Than 8 ft.,5,34,40,1,0,20210720,MIL,PHX
Shot Chart Detail,0042000406,340,1628969,Mikal Bridges,1610612756,Phoenix Suns,3,11,3,Missed Shot,Running Dunk Shot,2PT Field Goal,Restricted Area,Center(C),Less Than 8 ft.,1,-11,7,1,0,20210720,MIL,PHX
Shot Chart Detail,0042000406,344,203507,Giannis Antetokounmpo,1610612749,Milwaukee Bucks,3,10,49,Made Shot,Pullup Jump shot,3PT Field Goal,Above the Break 3,Right Side Center(RC),24+ ft.,27,141,235,1,1,20210720,MIL,PHX
Shot Chart Detail,0042000406,345,1629028,Deandre Ayton,1610612756,Phoenix Suns,3,10,39,Made Shot,Alley Oop Dunk Shot,2PT Field Goal,Restricted Area,Center(C),Less Than 8 ft.,1,3,12,1,1,20210720,MIL,PHX
Shot Chart Detail,0042000406,347,201572,Brook Lopez,1610612749,Milwaukee Bucks,3,10,23,Missed Shot,Jump Shot,3PT Field Goal,Above the Break 3,Left Side Center(LC),24+ ft.,25,-200,161,1,0,20210720,MIL,PHX
Shot Chart Detail,0042000406,349,1626164,Devin Booker,1610612756,Phoenix Suns,3,9,55,Made Shot,Turnaround Fadeaway shot,2PT Field Goal,Mid-Range,Left Side Center(LC),16-24 ft.,17,-105,141,1,1,20210720,MIL,PHX
Shot Chart Detail,0042000406,350,203507,Giannis Antetokounmpo,1610612749,Milwaukee Bucks,3,9,47,Missed Shot,Driving Layup Shot,2PT Field Goal,In The Paint (Non-RA),Center(C),Less Than 8 ft.,5,35,48,1,0,20210720,MIL,PHX
Shot Chart Detail,0042000406,353,101108,Chris Paul,1610612756,Phoenix Suns,3,9,33,Missed Shot,Pullup Jump shot,2PT Field Goal,In The Paint (Non-RA),Center(C),8-16 ft.,14,63,136,1,0,20210720,MIL,PHX
Shot Chart Detail,0042000406,355,201950,Jrue Holiday,1610612749,Milwaukee Bucks,3,9,27,Made Shot,Running Finger Roll Layup Shot,2PT Field Goal,Restricted Area,Center(C),Less Than 8 ft.,2,-2,21,1,1,20210720,MIL,PHX
Shot Chart Detail,0042000406,356,1626164,Devin Booker,1610612756,Phoenix Suns,3,9,14,Made Shot,Pullup Jump shot,2PT Field Goal,Mid-Range,Left Side Center(LC),16-24 ft.,16,-76,148,1,1,20210720,MIL,PHX
Shot Chart Detail,0042000406,364,101108,Chris Paul,1610612756,Phoenix Suns,3,8,36,Missed Shot,Pullup Jump shot,2PT Field Goal,Mid-Range,Left Side Center(LC),16-24 ft.,17,-66,159,1,0,20210720,MIL,PHX
Shot Chart Detail,0042000406,366,203507,Giannis Antetokounmpo,1610612749,Milwaukee Bucks,3,8,23,Made Shot,Jump Shot,2PT Field Goal,Restricted Area,Center(C),Less Than 8 ft.,2,5,25,1,1,20210720,MIL,PHX
Shot Chart Detail,0042000406,367,1626164,Devin Booker,1610612756,Phoenix Suns,3,8,14,Missed Shot,Jump Shot,3PT Field Goal,Above the Break 3,Left Side Center(LC),24+ ft.,27,-208,174,1,0,20210720,MIL,PHX
Shot Chart Detail,0042000406,376,203507,Giannis Antetokounmpo,1610612749,Milwaukee Bucks,3,7,33,Missed Shot,Driving Layup Shot,2PT Field Goal,Restricted Area,Center(C),Less Than 8 ft.,2,9,24,1,0,20210720,MIL,PHX
Shot Chart Detail,0042000406,378,203507,Giannis Antetokounmpo,1610612749,Milwaukee Bucks,3,7,30,Made Shot,Putback Layup Shot,2PT Field Goal,Restricted Area,Center(C),Less Than 8 ft.,1,1,13,1,1,20210720,MIL,PHX
Shot Chart Detail,0042000406,382,203109,Jae Crowder,1610612756,Phoenix Suns,3,7,15,Made Shot,Step Back Jump shot,3PT Field Goal,Above the Break 3,Center(C),24+ ft.,26,41,258,1,1,20210720,MIL,PHX
Shot Chart Detail,0042000406,387,203507,Giannis Antetokounmpo,1610612749,Milwaukee Bucks,3,6,50,Made Shot,Fadeaway Jump Shot,2PT Field Goal,In The Paint (Non-RA),Center(C),8-16 ft.,12,-48,117,1,1,20210720,MIL,PHX
Shot Chart Detail,0042000406,388,101108,Chris Paul,1610612756,Phoenix Suns,3,6,35,Made Shot,Pullup Jump shot,2PT Field Goal,Mid-Range,Center(C),8-16 ft.,15,-57,148,1,1,20210720,MIL,PHX
Shot Chart Detail,0042000406,389,201572,Brook Lopez,1610612749,Milwaukee Bucks,3,6,17,Made Shot,Floating Jump shot,2PT Field Goal,In The Paint (Non-RA),Center(C),8-16 ft.,13,20,129,1,1,20210720,MIL,PHX
Shot Chart Detail,0042000406,391,203109,Jae Crowder,1610612756,Phoenix Suns,3,5,57,Missed Shot,Jump Shot,3PT Field Goal,Above the Break 3,Right Side Center(RC),24+ ft.,26,119,233,1,0,20210720,MIL,PHX
Shot Chart Detail,0042000406,393,201572,Brook Lopez,1610612749,Milwaukee Bucks,3,5,46,Made Shot,Cutting Dunk Shot,2PT Field Goal,Restricted Area,Center(C),Less Than 8 ft.,1,-2,17,1,1,20210720,MIL,PHX
Shot Chart Detail,0042000406,395,101108,Chris Paul,1610612756,Phoenix Suns,3,5,32,Missed Shot,Pullup Jump shot,2PT Field Goal,Mid-Range,Right Side(R),8-16 ft.,15,105,111,1,0,20210720,MIL,PHX
Shot Chart Detail,0042000406,398,201950,Jrue Holiday,1610612749,Milwaukee Bucks,3,5,6,Missed Shot,Fadeaway Jump Shot,2PT Field Goal,In The Paint (Non-RA),Center(C),8-16 ft.,11,-48,101,1,0,20210720,MIL,PHX
Shot Chart Detail,0042000406,402,1626164,Devin Booker,1610612756,Phoenix Suns,3,4,58,Missed Shot,Alley Oop Layup shot,2PT Field Goal,Restricted Area,Center(C),Less Than 8 ft.,2,9,26,1,0,20210720,MIL,PHX
Shot Chart Detail,0042000406,404,201572,Brook Lopez,1610612749,Milwaukee Bucks,3,4,46,Made Shot,Pullup Jump shot,2PT Field Goal,In The Paint (Non-RA),Right Side(R),8-16 ft.,11,72,94,1,1,20210720,MIL,PHX
Shot Chart Detail,0042000406,406,101108,Chris Paul,1610612756,Phoenix Suns,3,4,24,Made Shot,Pullup Jump shot,2PT Field Goal,Mid-Range,Center(C),8-16 ft.,14,-17,142,1,1,20210720,MIL,PHX
Shot Chart Detail,0042000406,420,203109,Jae Crowder,1610612756,Phoenix Suns,3,3,54,Missed Shot,Jump Shot,3PT Field Goal,Above the Break 3,Left Side Center(LC),24+ ft.,28,-158,232,1,0,20210720,MIL,PHX
Shot Chart Detail,0042000406,422,203109,Jae Crowder,1610612756,Phoenix Suns,3,3,49,Made Shot,Pullup Jump shot,3PT Field Goal,Above the Break 3,Left Side Center(LC),24+ ft.,28,-209,188,1,1,20210720,MIL,PHX
Shot Chart Detail,0042000406,424,203507,Giannis Antetokounmpo,1610612749,Milwaukee Bucks,3,3,29,Missed Shot,Layup Shot,2PT Field Goal,In The Paint (Non-RA),Center(C),Less Than 8 ft.,5,1,52,1,0,20210720,MIL,PHX
Shot Chart Detail,0042000406,427,201950,Jrue Holiday,1610612749,Milwaukee Bucks,3,3,17,Made Shot,Jump Shot,3PT Field Goal,Left Corner 3,Left Side(L),24+ ft.,22,-226,22,1,1,20210720,MIL,PHX
Shot Chart Detail,0042000406,429,1626164,Devin Booker,1610612756,Phoenix Suns,3,3,13,Made Shot,Running Layup Shot,2PT Field Goal,Restricted Area,Center(C),Less Than 8 ft.,2,-1,20,1,1,20210720,MIL,PHX
Shot Chart Detail,0042000406,439,203507,Giannis Antetokounmpo,1610612749,Milwaukee Bucks,3,3,0,Made Shot,Layup Shot,2PT Field Goal,Restricted Area,Center(C),Less Than 8 ft.,0,-8,-1,1,1,20210720,MIL,PHX
Shot Chart Detail,0042000406,441,1626163,Frank Kaminsky,1610612756,Phoenix Suns,3,2,45,Made Shot,Cutting Layup Shot,2PT Field Goal,Restricted Area,Center(C),Less Than 8 ft.,1,14,11,1,1,20210720,MIL,PHX
Shot Chart Detail,0042000406,443,203114,Khris Middleton,1610612749,Milwaukee Bucks,3,2,36,Made Shot,Driving Floating Jump Shot,2PT Field Goal,In The Paint (Non-RA),Center(C),8-16 ft.,14,-71,132,1,1,20210720,MIL,PHX
Shot Chart Detail,0042000406,448,1629661,Cameron Johnson,1610612756,Phoenix Suns,3,2,8,Missed Shot,Driving Layup Shot,2PT Field Goal,Restricted Area,Center(C),Less Than 8 ft.,1,9,11,1,0,20210720,MIL,PHX
Shot Chart Detail,0042000406,454,1626166,Cameron Payne,1610612756,Phoenix Suns,3,1,46,Missed Shot,Driving Layup Shot,2PT Field Goal,Restricted Area,Center(C),Less Than 8 ft.,2,9,21,1,0,20210720,MIL,PHX
Shot Chart Detail,0042000406,459,1626164,Devin Booker,1610612756,Phoenix Suns,3,1,30,Made Shot,Running Layup Shot,2PT Field Goal,Restricted Area,Center(C),Less Than 8 ft.,0,2,4,1,1,20210720,MIL,PHX
Shot Chart Detail,0042000406,464,203507,Giannis Antetokounmpo,1610612749,Milwaukee Bucks,3,0,50,Missed Shot,Pullup Jump shot,3PT Field Goal,Above the Break 3,Right Side Center(RC),24+ ft.,26,115,240,1,0,20210720,MIL,PHX
Shot Chart Detail,0042000406,466,1626163,Frank Kaminsky,1610612756,Phoenix Suns,3,0,44,Made Shot,Cutting Dunk Shot,2PT Field Goal,Restricted Area,Center(C),Less Than 8 ft.,1,3,18,1,1,20210720,MIL,PHX
Shot Chart Detail,0042000406,488,201950,Jrue Holiday,1610612749,Milwaukee Bucks,3,0,0,Missed Shot,Pullup Jump shot,3PT Field Goal,Above the Break 3,Right Side Center(RC),24+ ft.,26,215,163,1,0,20210720,MIL,PHX
Shot Chart Detail,0042000406,498,1626163,Frank Kaminsky,1610612756,Phoenix Suns,4,11,36,Missed Shot,Turnaround Jump Shot,2PT Field Goal,In The Paint (Non-RA),Center(C),8-16 ft.,10,-47,94,1,0,20210720,MIL,PHX
Shot Chart Detail,0042000406,502,1626171,Bobby Portis,1610612749,Milwaukee Bucks,4,11,21,Made Shot,Pullup Jump shot,2PT Field Goal,Mid-Range,Right Side(R),8-16 ft.,14,138,53,1,1,20210720,MIL,PHX
Shot Chart Detail,0042000406,506,1626163,Frank Kaminsky,1610612756,Phoenix Suns,4,11,1,Made Shot,Layup Shot,2PT Field Goal,Restricted Area,Center(C),Less Than 8 ft.,0,3,8,1,1,20210720,MIL,PHX
Shot Chart Detail,0042000406,511,1629661,Cameron Johnson,1610612756,Phoenix Suns,4,10,31,Missed Shot,Jump Shot,3PT Field Goal,Above the Break 3,Left Side Center(LC),24+ ft.,25,-213,149,1,0,20210720,MIL,PHX
Shot Chart Detail,0042000406,513,201950,Jrue Holiday,1610612749,Milwaukee Bucks,4,10,23,Made Shot,Running Pull-Up Jump Shot,3PT Field Goal,Above the Break 3,Right Side Center(RC),24+ ft.,26,134,232,1,1,20210720,MIL,PHX
Shot Chart Detail,0042000406,514,101108,Chris Paul,1610612756,Phoenix Suns,4,10,14,Made Shot,Driving Floating Jump Shot,2PT Field Goal,In The Paint (Non-RA),Left Side(L),8-16 ft.,12,-78,97,1,1,20210720,MIL,PHX
Shot Chart Detail,0042000406,518,201950,Jrue Holiday,1610612749,Milwaukee Bucks,4,10,4,Missed Shot,Pullup Jump shot,3PT Field Goal,Above the Break 3,Left Side Center(LC),24+ ft.,26,-123,237,1,0,20210720,MIL,PHX
Shot Chart Detail,0042000406,520,1626171,Bobby Portis,1610612749,Milwaukee Bucks,4,9,57,Made Shot,Floating Jump shot,2PT Field Goal,Mid-Range,Right Side(R),8-16 ft.,11,114,10,1,1,20210720,MIL,PHX
Shot Chart Detail,0042000406,522,1628969,Mikal Bridges,1610612756,Phoenix Suns,4,9,49,Missed Shot,Fadeaway Jump Shot,2PT Field Goal,In The Paint (Non-RA),Center(C),8-16 ft.,13,-57,126,1,0,20210720,MIL,PHX
Shot Chart Detail,0042000406,524,1626171,Bobby Portis,1610612749,Milwaukee Bucks,4,9,45,Missed Shot,Running Layup Shot,2PT Field Goal,Restricted Area,Center(C),Less Than 8 ft.,1,13,15,1,0,20210720,MIL,PHX
Shot Chart Detail,0042000406,537,203109,Jae Crowder,1610612756,Phoenix Suns,4,9,29,Missed Shot,Jump Shot,3PT Field Goal,Above the Break 3,Left Side Center(LC),24+ ft.,28,-197,209,1,0,20210720,MIL,PHX
Shot Chart Detail,0042000406,541,1626164,Devin Booker,1610612756,Phoenix Suns,4,8,57,Missed Shot,Driving Layup Shot,2PT Field Goal,In The Paint (Non-RA),Center(C),Less Than 8 ft.,7,-40,67,1,0,20210720,MIL,PHX
Shot Chart Detail,0042000406,544,203109,Jae Crowder,1610612756,Phoenix Suns,4,8,51,Missed Shot,Jump Shot,3PT Field Goal,Above the Break 3,Left Side Center(LC),24+ ft.,36,-208,299,1,0,20210720,MIL,PHX
Shot Chart Detail,0042000406,546,203114,Khris Middleton,1610612749,Milwaukee Bucks,4,8,42,Missed Shot,Driving Floating Bank Jump Shot,2PT Field Goal,Mid-Range,Right Side(R),8-16 ft.,12,117,42,1,0,20210720,MIL,PHX
Shot Chart Detail,0042000406,548,203507,Giannis Antetokounmpo,1610612749,Milwaukee Bucks,4,8,41,Made Shot,Tip Layup Shot,2PT Field Goal,Restricted Area,Center(C),Less Than 8 ft.,0,0,0,1,1,20210720,MIL,PHX
Shot Chart Detail,0042000406,549,101108,Chris Paul,1610612756,Phoenix Suns,4,8,19,Made Shot,Step Back Jump shot,2PT Field Goal,Mid-Range,Right Side Center(RC),16-24 ft.,16,87,136,1,1,20210720,MIL,PHX
Shot Chart Detail,0042000406,563,1626164,Devin Booker,1610612756,Phoenix Suns,4,7,42,Missed Shot,Driving Floating Jump Shot,2PT Field Goal,In The Paint (Non-RA),Center(C),8-16 ft.,9,-24,89,1,0,20210720,MIL,PHX
Shot Chart Detail,0042000406,576,1626171,Bobby Portis,1610612749,Milwaukee Bucks,4,6,58,Made Shot,Driving Layup Shot,2PT Field Goal,In The Paint (Non-RA),Center(C),Less Than 8 ft.,4,41,14,1,1,20210720,MIL,PHX
Shot Chart Detail,0042000406,578,1626164,Devin Booker,1610612756,Phoenix Suns,4,6,34,Made Shot,Fadeaway Jump Shot,2PT Field Goal,In The Paint (Non-RA),Center(C),8-16 ft.,8,2,86,1,1,20210720,MIL,PHX
Shot Chart Detail,0042000406,579,203507,Giannis Antetokounmpo,1610612749,Milwaukee Bucks,4,6,15,Made Shot,Dunk Shot,2PT Field Goal,Restricted Area,Center(C),Less Than 8 ft.,1,-10,17,1,1,20210720,MIL,PHX
Shot Chart Detail,0042000406,583,203114,Khris Middleton,1610612749,Milwaukee Bucks,4,5,48,Missed Shot,Turnaround Fadeaway shot,2PT Field Goal,Mid-Range,Right Side Center(RC),16-24 ft.,16,78,143,1,0,20210720,MIL,PHX
Shot Chart Detail,0042000406,588,203507,Giannis Antetokounmpo,1610612749,Milwaukee Bucks,4,5,19,Missed Shot,Turnaround Fadeaway shot,2PT Field Goal,Mid-Range,Left Side(L),8-16 ft.,9,-85,34,1,0,20210720,MIL,PHX
Shot Chart Detail,0042000406,590,1626192,Pat Connaughton,1610612749,Milwaukee Bucks,4,5,15,Missed Shot,Jump Shot,3PT Field Goal,Above the Break 3,Left Side Center(LC),24+ ft.,24,-140,207,1,0,20210720,MIL,PHX
Shot Chart Detail,0042000406,592,203109,Jae Crowder,1610612756,Phoenix Suns,4,4,53,Made Shot,Floating Jump shot,2PT Field Goal,Mid-Range,Left Side(L),8-16 ft.,12,-95,75,1,1,20210720,MIL,PHX
Shot Chart Detail,0042000406,599,203114,Khris Middleton,1610612749,Milwaukee Bucks,4,4,35,Made Shot,Fadeaway Jump Shot,2PT Field Goal,Mid-Range,Left Side(L),8-16 ft.,15,-87,123,1,1,20210720,MIL,PHX
Shot Chart Detail,0042000406,604,201950,Jrue Holiday,1610612749,Milwaukee Bucks,4,4,2,Missed Shot,Pullup Jump shot,2PT Field Goal,Mid-Range,Right Side(R),8-16 ft.,15,101,120,1,0,20210720,MIL,PHX
Shot Chart Detail,0042000406,606,1629028,Deandre Ayton,1610612756,Phoenix Suns,4,3,48,Missed Shot,Turnaround Hook Shot,2PT Field Goal,In The Paint (Non-RA),Center(C),Less Than 8 ft.,5,-47,23,1,0,20210720,MIL,PHX
Shot Chart Detail,0042000406,608,203507,Giannis Antetokounmpo,1610612749,Milwaukee Bucks,4,3,37,Made Shot,Driving Finger Roll Layup Shot,2PT Field Goal,Restricted Area,Center(C),Less Than 8 ft.,2,2,24,1,1,20210720,MIL,PHX
Shot Chart Detail,0042000406,610,1626164,Devin Booker,1610612756,Phoenix Suns,4,3,18,Missed Shot,Pullup Jump shot,3PT Field Goal,Above the Break 3,Center(C),24+ ft.,28,43,279,1,0,20210720,MIL,PHX
Shot Chart Detail,0042000406,614,1629028,Deandre Ayton,1610612756,Phoenix Suns,4,3,8,Made Shot,Cutting Layup Shot,2PT Field Goal,Restricted Area,Center(C),Less Than 8 ft.,2,6,28,1,1,20210720,MIL,PHX
Shot Chart Detail,0042000406,618,203507,Giannis Antetokounmpo,1610612749,Milwaukee Bucks,4,2,43,Made Shot,Turnaround Jump Shot,2PT Field Goal,In The Paint (Non-RA),Center(C),8-16 ft.,13,13,136,1,1,20210720,MIL,PHX
Shot Chart Detail,0042000406,620,203109,Jae Crowder,1610612756,Phoenix Suns,4,2,20,Missed Shot,Jump Shot,3PT Field Goal,Above the Break 3,Center(C),24+ ft.,26,64,260,1,0,20210720,MIL,PHX
Shot Chart Detail,0042000406,622,1626171,Bobby Portis,1610612749,Milwaukee Bucks,4,1,54,Missed Shot,Jump Shot,3PT Field Goal,Left Corner 3,Left Side(L),24+ ft.,24,-239,45,1,0,20210720,MIL,PHX
Shot Chart Detail,0042000406,624,1626164,Devin Booker,1610612756,Phoenix Suns,4,1,50,Made Shot,Running Layup Shot,2PT Field Goal,Restricted Area,Center(C),Less Than 8 ft.,3,31,14,1,1,20210720,MIL,PHX
Shot Chart Detail,0042000406,630,203114,Khris Middleton,1610612749,Milwaukee Bucks,4,0,56,Made Shot,Pullup Jump shot,2PT Field Goal,Mid-Range,Right Side(R),16-24 ft.,16,144,90,1,1,20210720,MIL,PHX
Shot Chart Detail,0042000406,635,1626164,Devin Booker,1610612756,Phoenix Suns,4,0,50,Missed Shot,Jump Shot,3PT Field Goal,Above the Break 3,Right Side Center(RC),24+ ft.,26,105,242,1,0,20210720,MIL,PHX
Shot Chart Detail,0042000406,641,101108,Chris Paul,1610612756,Phoenix Suns,4,0,37,Missed Shot,Pullup Jump shot,3PT Field Goal,Above the Break 3,Center(C),24+ ft.,27,2,277,1,0,20210720,MIL,PHX
Shot Chart Detail,0042000406,650,101108,Chris Paul,1610612756,Phoenix Suns,4,0,11,Made Shot,Driving Layup Shot,2PT Field Goal,Restricted Area,Center(C),Less Than 8 ft.,1,5,18,1,1,20210720,MIL,PHX
Shot Chart Detail,0042000406,657,1626164,Devin Booker,1610612756,Phoenix Suns,4,0,7,Missed Shot,Jump Shot,3PT Field Goal,Above the Break 3,Left Side Center(LC),24+ ft.,28,-130,257,1,0,20210720,MIL,PHX
